{"stats":{"minecraft:crafted":{"winterly:cryomarble":1,"minecraft:crafting_table":3,"torchbowmod:torchbow":1,"minecraft:iron_ingot":4,"minecraft:flint_and_steel":2,"minecraft:crimson_planks":40,"winterly:cryomarble_sword":1,"minecraft:air":0,"minecraft:oak_boat":1},"minecraft:custom":{"lootr:looted_stat":89,"minecraft:interact_with_crafting_table":8,"minecraft:open_barrel":14,"goblintraders:trade_with_goblin":2,"minecraft:bell_ring":3,"minecraft:leave_game":19,"minecraft:time_since_death":3528,"minecraft:sprint_one_cm":1930647,"minecraft:damage_blocked_by_shield":270,"minecraft:drop":60,"minecraft:play_time":586819,"minecraft:deaths":20,"minecraft:jump":8643,"minecraft:walk_on_water_one_cm":16215,"minecraft:interact_with_furnace":1,"minecraft:sleep_in_bed":3,"minecraft:open_enderchest":1,"minecraft:damage_dealt":8666,"minecraft:player_kills":3,"minecraft:crouch_one_cm":58999,"minecraft:interact_with_smoker":5,"minecraft:horse_one_cm":196236,"minecraft:interact_with_smithing_table":2,"minecraft:mob_kills":62,"minecraft:climb_one_cm":22338,"minecraft:walk_one_cm":1067335,"minecraft:sneak_time":21799,"minecraft:walk_under_water_one_cm":34263,"minecraft:total_world_time":586819,"minecraft:interact_with_stonecutter":1,"minecraft:time_since_rest":3570,"minecraft:damage_taken":15290,"minecraft:swim_one_cm":23470,"minecraft:fly_one_cm":3029782,"minecraft:open_chest":54,"minecraft:fall_one_cm":362723},"minecraft:killed":{"minecraft:cave_spider":8,"minecraft:zombified_piglin":2,"minecraft:spider":6,"minecraft:skeleton":22,"enderzoology:infested_zombie":2,"minecraft:piglin_brute":4,"minecraft:magma_cube":14,"minecraft:piglin":14,"minecraft:pillager":2,"tinyskeletons:baby_skeleton":4,"minecraft:zombie":10,"mca:male_villager":2,"minecraft:cow":2,"minecraft:vindicator":2,"minecraft:player":2},"minecraft:killed_by":{"minecraft:zombified_piglin":1,"minecraft:wither_skeleton":2,"minecraft:piglin_brute":1,"graveyard:skeleton_creeper":2,"minecraft:vindicator":2,"minecraft:player":2,"bosses_of_mass_destruction:void_blossom":7,"minecraft:skeleton":2,"betternether:hydrogen_jellyfish":1},"minecraft:broken":{"immersive_armors:heavy_helmet":1,"minecraft:iron_helmet":1},"minecraft:mined":{"winterly:raw_cryomarble_shard":4,"minecraft:brewing_stand":2,"minecraft:grass_block":25,"geode_plus:echo_crystal":4,"minecraft:spawner":3,"minecraft:cobbled_deepslate":1,"minecraft:fire":5,"minecraft:anvil":1,"minecraft:pointed_dripstone":1,"minecraft:oak_sign":1,"minecraft:dirt_path":2,"amendments:wall_lantern":1,"geode_plus:lapis_cluster":3,"minecraft:red_bed":2,"minecraft:torch":2,"minecraft:dark_oak_wood":1,"minecraft:chest":2,"minecraft:nether_quartz_ore":1,"minecraft:cobblestone":13,"minecraft:oak_planks":1,"minecraft:iron_door":1,"minecraft:wall_torch":4,"minecraft:skeleton_skull":1,"minecraft:pink_petals":5,"minecraft:black_bed":1,"croptopia:chile_pepper_crop":1,"minecraft:grass":30,"betternether:basalt_stalactite":1,"minecraft:sand":3,"minecraft:dirt":14,"minecraft:netherrack":2,"minecraft:oak_leaves":3,"minecraft:deepslate":40,"minecraft:emerald_block":1,"minecraft:nether_gold_ore":3,"minecraft:tuff":7,"minecraft:mossy_cobblestone":1,"minecraft:deepslate_diamond_ore":2,"minecraft:chiseled_bookshelf":3,"minecraft:nether_bricks":1,"minecraft:ladder":1,"minecraft:cracked_nether_bricks":6,"friendsandfoes:waxed_lightning_rod":1,"minecraft:crimson_stem":12,"croptopia:barley_crop":3,"travelersbackpack:bat":1,"minecraft:andesite":4,"treechop:chopped_log":1,"minecraft:bookshelf":7,"minecraft:lantern":2,"ironchest:iron_chest":2,"bosses_of_mass_destruction:gauntlet_blackstone":1,"betternether:nether_lapis_ore":1,"minecraft:stone":129,"promenade:blunite":10,"randomium:randomium_ore_deepslate":1,"geode_plus:large_lapis_bud":2,"croptopia:sweetpotato_crop":1,"minecraft:tall_grass":8,"minecraft:sculk":1,"minecraft:birch_leaves":1,"minecraft:gravel":15,"enchantinginfuser:advanced_enchanting_infuser":1,"minecraft:cobweb":5,"minecraft:cracked_stone_bricks":1,"minecraft:stone_bricks":5,"minecraft:mossy_stone_bricks":2},"minecraft:dropped":{"minecraft:iron_sword":1,"bettermcdonaldsmod:lettuce_seeds":2,"minecraft:glass_bottle":1,"minecraft:diamond":2,"mca:bouquet":1,"mca:potion_of_masculinity":1,"minecraft:emerald":5,"minecraft:gold_block":1,"bettermcdonaldsmod:tomato_seeds":3,"croptopia:barley_seed":3,"minecraft:gold_ingot":5,"minecraft:emerald_block":3,"minecraft:cobbled_deepslate":3,"minecraft:pointed_dripstone":2,"universal_graves:grave_compass":2,"travelersbackpack:bat":1,"mca:engagement_ring":1,"travelersbackpack:iron":2,"promenade:blunite":6,"minecraft:ladder":1,"mca:book_infection":1,"minecraft:iron_bars":5,"croptopia:barley":1,"wildlife:sparrow":1,"minecraft:iron_ingot":39,"minecraft:wheat_seeds":2,"travelersbackpack:coal":1,"minecraft:mossy_cobblestone":1,"minecraft:iron_helmet":1,"minecraft:cobblestone":1,"minecraft:granite":9,"winterly:cryomarble_sword":1,"minecraft:grass_block":1,"mca:wedding_ring":2,"artifacts:obsidian_skull":1,"minecraft:crimson_sign":5,"minecraft:pink_petals":3,"minecraft:redstone":5,"minecraft:chicken":1,"winterly:cryomarble_shard":1,"croptopia:radish_seed":1,"minecraft:diamond_sword":2,"minecraft:andesite":13,"bettermcdonaldsmod:happy_meal":1,"minecraft:spider_eye":2,"minecraft:raw_gold":3},"minecraft:picked_up":{"minecraft:wheat":2,"travelersbackpack:bat":2,"minecraft:anvil":1,"croptopia:broccoli":1,"minecraft:diamond_sword":2,"minecraft:enchanted_book":22,"minecraft:potion":2,"minecraft:gilded_blackstone":3,"minecraft:brewing_stand":2,"enchantinginfuser:advanced_enchanting_infuser":1,"minecraft:polished_blackstone_brick_stairs":3,"minecraft:string":13,"universal_graves:grave_compass":1,"minecraft:oak_sign":1,"minecraft:gold_nugget":5,"minecraft:cobbled_deepslate":41,"minecraft:iron_pickaxe":1,"mca:wedding_ring":1,"minecraft:crimson_sign":5,"minecraft:tipped_arrow":24,"minecraft:stick":2,"croptopia:barley_seed":3,"minecraft:torch":10,"travelersbackpack:iron_tier_upgrade":1,"minecraft:golden_axe":2,"minecraft:pointed_dripstone":2,"minecraft:diorite":165,"betternether:lapis_pile":6,"travelersbackpack:iron":1,"minecraft:rotten_flesh":2,"artifacts:villager_hat":1,"artifacts:panic_necklace":1,"minecraft:cobblestone":402,"minecraft:pink_petals":19,"minecraft:cooked_beef":1,"immersive_armors:heavy_helmet":1,"minecraft:magma_cream":4,"minecraft:andesite":19,"minecraft:black_bed":2,"minecraft:flint":1,"minecraft:tuff":6,"betternether:bowl_upgrade_smithing_template":2,"artifacts:pickaxe_heater":2,"minecraft:lapis_lazuli":33,"minecraft:dirt":53,"minecraft:lantern":3,"mca:baby_girl":1,"minecraft:bone":18,"minecraft:bow":9,"minecraft:wheat_seeds":8,"minecraft:raw_gold":3,"minecraft:mossy_stone_bricks":4,"promenade:blueberries":11,"minecraft:oak_planks":83,"stoneworks:mossy_cobbled_end_stone_stairs":1,"minecraft:sand":3,"winterly:cryomarble_shard":6,"minecraft:mossy_cobblestone":2,"minecraft:diamond":7,"minecraft:soul_lantern":1,"croptopia:radish_seed":1,"minecraft:crossbow":1,"minecraft:granite":9,"minecraft:bread":29,"minecraft:emerald":8,"minecraft:oak_sapling":3,"minecraft:netherrack":2,"minecraft:diamond_pickaxe":1,"artifacts:night_vision_goggles":1,"minecraft:splash_potion":3,"minecraft:chicken":1,"minecraft:ladder":1,"croptopia:sweetpotato_seed":1,"torchbowmod:torchbow":1,"minecraft:diamond_horse_armor":1,"promenade:blunite":9,"minecraft:red_bed":1,"minecraft:blackstone":4,"minecraft:cracked_stone_bricks":2,"minecraft:echo_shard":12,"orpheus:deepslate_tears_of_hades_ore":3,"minecraft:chest":2,"minecraft:egg":6,"minecraft:raw_iron":2,"minecraft:glow_item_frame":5,"artifacts:charm_of_sinking":1,"ironchest:iron_chest":2,"minecraft:polished_blackstone_bricks":4,"minecraft:stone_button":1,"minecraft:carrot":4,"minecraft:redstone":20,"minecraft:arrow":56,"friendsandfoes:waxed_lightning_rod":1,"minecraft:warped_sign":1,"minecraft:saddle":1,"minecraft:gold_ingot":28,"minecraft:skeleton_skull":1,"minecraft:crimson_stem":10,"minecraft:leather":2,"minecraft:red_mushroom":4,"artifacts:anglers_hat":1,"minecraft:oak_log":34,"minecraft:ancient_debris":3,"artifacts:cloud_in_a_bottle":1,"croptopia:barley":3,"minecraft:stone_bricks":5,"minecraft:iron_ingot":39,"bettermcdonaldsmod:tomato_seeds":5,"minecraft:book":21,"artifacts:obsidian_skull":1,"winterly:cryomarble_sword":1,"minecraft:emerald_block":5,"minecraft:cracked_nether_bricks":2,"minecraft:dripstone_block":4,"mca:divorce_papers":1,"minecraft:gravel":11,"wildlife:sparrow":2,"minecraft:crying_obsidian":4,"minecraft:spider_eye":2,"croptopia:oat_seed":2,"bettermcdonaldsmod:lettuce_seeds":3,"minecraft:iron_helmet":1,"mca:book_infection":4,"minecraft:dark_oak_wood":1},"minecraft:used":{"minecraft:iron_shovel":39,"stoneworks:diorite_bricks":66,"minecraft:chest":19,"minecraft:stone":112,"minecraft:iron_sword":101,"minecraft:warped_sign":1,"ironchest:iron_chest":10,"minecraft:tuff":6,"enchantinginfuser:advanced_enchanting_infuser":2,"minecraft:obsidian":88,"minecraft:glass":5,"minecraft:lantern":6,"minecraft:grass_block":113,"wildlife:lark":1,"stoneworks:diorite_brick_slab":104,"minecraft:dark_oak_wood":1,"minecraft:stone_brick_stairs":7,"minecraft:stone_bricks":68,"minecraft:item_frame":1,"minecraft:bow":40,"ribbits:ribbit_merchant_spawn_egg":7,"minecraft:furnace":13,"minecraft:egg":5,"stoneworks:chiseled_diorite":2,"minecraft:mossy_stone_bricks":1,"minecraft:blackstone":4,"minecraft:diamond_axe":31,"winterly:cryomarble_sword":84,"stoneworks:diorite_pillar":27,"minecraft:sand":3,"minecraft:crossbow":1,"minecraft:dripstone_block":4,"minecraft:black_bed":2,"minecraft:crying_obsidian":2,"stoneworks:diorite_brick_stairs":176,"minecraft:bread":143,"hybrid-aquatic:cowfish_spawn_egg":1,"minecraft:gravel":11,"friendsandfoes:waxed_lightning_rod":1,"minecraft:diamond_sword":1,"promenade:sakura_door":2,"promenade:blunite":3,"minecraft:andesite":5,"minecraft:oak_boat":1,"minecraft:flint_and_steel":10,"travelersbackpack:bat":1,"minecraft:netherrack":9,"minecraft:torch":117,"minecraft:dirt":83,"minecraft:anvil":1,"ribbits:ribbit_gardener_spawn_egg":7,"promenade:blueberries":5,"minecraft:polished_blackstone_brick_stairs":3,"minecraft:crimson_planks":49,"minecraft:emerald_block":1,"minecraft:cobbled_deepslate":42,"minecraft:golden_axe":16,"minecraft:water_bucket":1,"ribbits:ribbit_fisherman_spawn_egg":7,"ribbits:ribbit_sorcerer_spawn_egg":7,"ribbits:ribbit_nitwit_spawn_egg":7,"minecraft:polished_blackstone_bricks":4,"minecraft:cracked_stone_bricks":1,"minecraft:glow_item_frame":7,"minecraft:mossy_cobblestone":1,"minecraft:crafting_table":3,"minecraft:red_bed":1,"minecraft:white_bed":3,"minecraft:oak_log":12,"minecraft:diamond_pickaxe":116,"minecraft:iron_pickaxe":176,"torchbowmod:torchbow":150,"minecraft:cracked_nether_bricks":2,"minecraft:pink_petals":4,"enchantinginfuser:enchanting_infuser":1,"minecraft:cobblestone":13,"minecraft:potion":1}},"DataVersion":3465}