{"stats":{"minecraft:crafted":{"minecraft:flint_and_steel":2,"winterly:cryomarble":1,"minecraft:crafting_table":2,"winterly:cryomarble_sword":1,"minecraft:air":0,"torchbowmod:torchbow":1,"minecraft:iron_ingot":4},"minecraft:custom":{"minecraft:interact_with_smithing_table":2,"lootr:looted_stat":52,"minecraft:mob_kills":22,"minecraft:interact_with_crafting_table":6,"minecraft:open_barrel":1,"goblintraders:trade_with_goblin":2,"minecraft:leave_game":6,"minecraft:time_since_death":52210,"minecraft:climb_one_cm":3323,"minecraft:sprint_one_cm":692101,"minecraft:walk_one_cm":403502,"minecraft:drop":42,"minecraft:play_time":197653,"minecraft:deaths":14,"minecraft:sneak_time":7031,"minecraft:walk_under_water_one_cm":10878,"minecraft:jump":3277,"minecraft:walk_on_water_one_cm":5905,"minecraft:total_world_time":197653,"minecraft:time_since_rest":52233,"minecraft:damage_taken":9187,"minecraft:damage_dealt":4788,"minecraft:fly_one_cm":944412,"minecraft:swim_one_cm":10811,"minecraft:crouch_one_cm":16354,"minecraft:interact_with_smoker":5,"minecraft:fall_one_cm":102435,"minecraft:horse_one_cm":34169},"minecraft:killed":{"minecraft:cave_spider":8,"minecraft:vindicator":2,"minecraft:skeleton":18,"enderzoology:infested_zombie":2,"tinyskeletons:baby_skeleton":4,"minecraft:zombie":2,"mca:male_villager":2},"minecraft:killed_by":{"minecraft:player":2,"bosses_of_mass_destruction:void_blossom":7,"graveyard:skeleton_creeper":1,"minecraft:vindicator":2,"minecraft:skeleton":2},"minecraft:broken":{"minecraft:iron_helmet":1},"minecraft:mined":{"winterly:raw_cryomarble_shard":4,"minecraft:tuff":7,"minecraft:mossy_cobblestone":1,"minecraft:deepslate_diamond_ore":2,"minecraft:ladder":1,"minecraft:grass_block":8,"friendsandfoes:waxed_lightning_rod":1,"minecraft:spawner":1,"geode_plus:echo_crystal":4,"croptopia:barley_crop":1,"travelersbackpack:bat":1,"minecraft:cobbled_deepslate":1,"minecraft:andesite":3,"minecraft:pointed_dripstone":1,"minecraft:stone":30,"geode_plus:lapis_cluster":3,"minecraft:red_bed":1,"promenade:blunite":10,"randomium:randomium_ore_deepslate":1,"geode_plus:large_lapis_bud":2,"croptopia:sweetpotato_crop":1,"minecraft:dark_oak_wood":1,"minecraft:tall_grass":2,"minecraft:cobblestone":5,"minecraft:sculk":1,"minecraft:wall_torch":4,"minecraft:skeleton_skull":1,"minecraft:pink_petals":5,"croptopia:chile_pepper_crop":1,"minecraft:grass":7,"minecraft:gravel":15,"minecraft:dirt":11,"minecraft:cracked_stone_bricks":1,"minecraft:stone_bricks":2,"minecraft:mossy_stone_bricks":1,"minecraft:deepslate":40},"minecraft:dropped":{"minecraft:iron_sword":1,"minecraft:wheat_seeds":1,"bettermcdonaldsmod:lettuce_seeds":2,"minecraft:mossy_cobblestone":1,"minecraft:iron_helmet":1,"minecraft:cobblestone":1,"minecraft:granite":9,"winterly:cryomarble_sword":1,"minecraft:emerald":5,"mca:wedding_ring":2,"minecraft:gold_block":1,"bettermcdonaldsmod:tomato_seeds":3,"croptopia:barley_seed":2,"minecraft:pink_petals":3,"minecraft:gold_ingot":5,"minecraft:redstone":5,"minecraft:emerald_block":2,"minecraft:cobbled_deepslate":3,"minecraft:pointed_dripstone":2,"minecraft:chicken":1,"universal_graves:grave_compass":2,"winterly:cryomarble_shard":1,"travelersbackpack:bat":1,"travelersbackpack:iron":2,"minecraft:diamond_sword":2,"promenade:blunite":6,"minecraft:andesite":13,"minecraft:ladder":1,"minecraft:spider_eye":2,"mca:book_infection":1,"minecraft:iron_bars":5,"croptopia:barley":1},"minecraft:picked_up":{"travelersbackpack:bat":2,"minecraft:chicken":1,"minecraft:ladder":1,"croptopia:sweetpotato_seed":1,"croptopia:broccoli":1,"minecraft:diamond_sword":2,"minecraft:enchanted_book":1,"promenade:blunite":9,"minecraft:string":6,"minecraft:red_bed":1,"universal_graves:grave_compass":1,"minecraft:cracked_stone_bricks":2,"minecraft:gold_nugget":5,"minecraft:cobbled_deepslate":41,"minecraft:echo_shard":12,"minecraft:iron_pickaxe":1,"minecraft:egg":1,"mca:wedding_ring":1,"minecraft:raw_iron":2,"croptopia:barley_seed":2,"artifacts:charm_of_sinking":1,"minecraft:torch":5,"minecraft:pointed_dripstone":2,"minecraft:redstone":10,"travelersbackpack:iron":1,"minecraft:arrow":16,"minecraft:rotten_flesh":2,"friendsandfoes:waxed_lightning_rod":1,"minecraft:cobblestone":36,"minecraft:skeleton_skull":1,"minecraft:pink_petals":19,"minecraft:andesite":18,"minecraft:flint":1,"minecraft:tuff":6,"minecraft:lapis_lazuli":9,"minecraft:dirt":33,"minecraft:bone":18,"croptopia:barley":1,"minecraft:stone_bricks":3,"minecraft:bow":3,"minecraft:wheat_seeds":2,"minecraft:raw_gold":3,"bettermcdonaldsmod:tomato_seeds":2,"minecraft:mossy_stone_bricks":2,"minecraft:oak_planks":16,"winterly:cryomarble_sword":1,"stoneworks:mossy_cobbled_end_stone_stairs":1,"minecraft:dripstone_block":4,"minecraft:gravel":11,"winterly:cryomarble_shard":6,"minecraft:spider_eye":2,"minecraft:mossy_cobblestone":2,"minecraft:diamond":2,"bettermcdonaldsmod:lettuce_seeds":3,"minecraft:granite":9,"minecraft:bread":29,"minecraft:emerald":3,"mca:book_infection":2,"minecraft:dark_oak_wood":1},"minecraft:used":{"minecraft:iron_shovel":17,"minecraft:flint_and_steel":1,"minecraft:stone":5,"minecraft:iron_sword":101,"travelersbackpack:bat":1,"minecraft:torch":34,"minecraft:dirt":54,"minecraft:tuff":6,"minecraft:obsidian":9,"wildlife:lark":1,"minecraft:dark_oak_wood":1,"minecraft:bow":12,"minecraft:egg":1,"minecraft:cobbled_deepslate":42,"minecraft:mossy_stone_bricks":1,"winterly:cryomarble_sword":19,"minecraft:cracked_stone_bricks":1,"minecraft:mossy_cobblestone":1,"minecraft:crafting_table":2,"minecraft:red_bed":1,"minecraft:dripstone_block":4,"minecraft:bread":65,"minecraft:iron_pickaxe":131,"torchbowmod:torchbow":63,"minecraft:gravel":11,"friendsandfoes:waxed_lightning_rod":1,"minecraft:pink_petals":4,"minecraft:cobblestone":10,"promenade:blunite":3,"minecraft:andesite":5}},"DataVersion":3465}