{"stats":{"minecraft:crafted":{"minecraft:crafting_table":2,"winterly:cryomarble_sword":1,"minecraft:air":0,"minecraft:flint_and_steel":1,"winterly:cryomarble":1,"torchbowmod:torchbow":1,"minecraft:iron_ingot":4},"minecraft:custom":{"minecraft:interact_with_smithing_table":2,"lootr:looted_stat":47,"minecraft:mob_kills":22,"minecraft:open_barrel":1,"minecraft:interact_with_crafting_table":6,"goblintraders:trade_with_goblin":2,"minecraft:leave_game":6,"minecraft:time_since_death":16210,"minecraft:climb_one_cm":3323,"minecraft:time_since_rest":16233,"minecraft:sprint_one_cm":533041,"minecraft:damage_taken":8905,"minecraft:walk_one_cm":319602,"minecraft:drop":30,"minecraft:damage_dealt":4713,"minecraft:swim_one_cm":10811,"minecraft:fly_one_cm":814423,"minecraft:crouch_one_cm":15199,"minecraft:play_time":161653,"minecraft:deaths":14,"minecraft:sneak_time":6625,"minecraft:walk_under_water_one_cm":10878,"minecraft:jump":2706,"minecraft:walk_on_water_one_cm":5732,"minecraft:total_world_time":161653,"minecraft:interact_with_smoker":5,"minecraft:fall_one_cm":82824},"minecraft:killed":{"minecraft:cave_spider":8,"minecraft:vindicator":2,"minecraft:skeleton":18,"tinyskeletons:baby_skeleton":4,"minecraft:zombie":2,"enderzoology:infested_zombie":2,"mca:male_villager":2},"minecraft:killed_by":{"minecraft:vindicator":2,"minecraft:player":2,"minecraft:skeleton":2,"bosses_of_mass_destruction:void_blossom":7,"graveyard:skeleton_creeper":1},"minecraft:broken":{"minecraft:iron_helmet":1},"minecraft:mined":{"winterly:raw_cryomarble_shard":4,"minecraft:tuff":7,"minecraft:red_bed":1,"minecraft:mossy_cobblestone":1,"promenade:blunite":10,"minecraft:deepslate_diamond_ore":2,"randomium:randomium_ore_deepslate":1,"geode_plus:large_lapis_bud":2,"croptopia:sweetpotato_crop":1,"minecraft:ladder":1,"minecraft:dark_oak_wood":1,"minecraft:grass_block":4,"minecraft:tall_grass":2,"minecraft:cobblestone":5,"minecraft:sculk":1,"geode_plus:echo_crystal":4,"minecraft:wall_torch":4,"minecraft:spawner":1,"friendsandfoes:waxed_lightning_rod":1,"minecraft:pink_petals":5,"minecraft:skeleton_skull":1,"travelersbackpack:bat":1,"minecraft:cobbled_deepslate":1,"minecraft:andesite":3,"croptopia:chile_pepper_crop":1,"minecraft:grass":4,"minecraft:pointed_dripstone":1,"minecraft:gravel":15,"minecraft:dirt":8,"minecraft:cracked_stone_bricks":1,"minecraft:stone":6,"minecraft:stone_bricks":2,"minecraft:mossy_stone_bricks":1,"minecraft:deepslate":40,"geode_plus:lapis_cluster":3},"minecraft:dropped":{"minecraft:iron_sword":1,"minecraft:wheat_seeds":1,"minecraft:cobbled_deepslate":3,"minecraft:mossy_cobblestone":1,"minecraft:pointed_dripstone":2,"minecraft:cobblestone":1,"minecraft:iron_helmet":1,"universal_graves:grave_compass":2,"winterly:cryomarble_shard":1,"minecraft:granite":9,"travelersbackpack:bat":1,"winterly:cryomarble_sword":1,"travelersbackpack:iron":2,"mca:wedding_ring":2,"minecraft:emerald":3,"minecraft:diamond_sword":2,"bettermcdonaldsmod:tomato_seeds":3,"promenade:blunite":6,"minecraft:andesite":13,"minecraft:ladder":1,"mca:book_infection":1,"minecraft:iron_bars":5,"minecraft:pink_petals":3,"minecraft:redstone":5},"minecraft:picked_up":{"minecraft:pink_petals":19,"travelersbackpack:bat":2,"minecraft:ladder":1,"croptopia:broccoli":1,"minecraft:diamond_sword":2,"minecraft:andesite":18,"croptopia:sweetpotato_seed":1,"minecraft:enchanted_book":1,"minecraft:flint":1,"minecraft:tuff":6,"promenade:blunite":9,"minecraft:lapis_lazuli":9,"minecraft:dirt":26,"minecraft:string":6,"minecraft:red_bed":1,"universal_graves:grave_compass":1,"minecraft:bone":18,"minecraft:stone_bricks":3,"minecraft:bow":3,"minecraft:cracked_stone_bricks":2,"minecraft:wheat_seeds":2,"minecraft:cobbled_deepslate":41,"minecraft:echo_shard":12,"bettermcdonaldsmod:tomato_seeds":2,"minecraft:mossy_stone_bricks":2,"minecraft:iron_pickaxe":1,"mca:wedding_ring":1,"minecraft:oak_planks":16,"minecraft:egg":1,"minecraft:raw_iron":2,"winterly:cryomarble_sword":1,"artifacts:charm_of_sinking":1,"stoneworks:mossy_cobbled_end_stone_stairs":1,"minecraft:torch":5,"minecraft:dripstone_block":4,"minecraft:gravel":11,"minecraft:pointed_dripstone":2,"winterly:cryomarble_shard":6,"minecraft:redstone":10,"minecraft:spider_eye":2,"minecraft:mossy_cobblestone":2,"travelersbackpack:iron":1,"minecraft:arrow":16,"minecraft:rotten_flesh":2,"friendsandfoes:waxed_lightning_rod":1,"minecraft:diamond":2,"minecraft:granite":9,"minecraft:emerald":3,"minecraft:bread":29,"mca:book_infection":2,"minecraft:dark_oak_wood":1,"minecraft:skeleton_skull":1,"minecraft:cobblestone":14},"minecraft:used":{"minecraft:mossy_stone_bricks":1,"minecraft:iron_shovel":17,"minecraft:stone":5,"minecraft:iron_sword":101,"winterly:cryomarble_sword":18,"travelersbackpack:bat":1,"minecraft:cracked_stone_bricks":1,"minecraft:torch":32,"minecraft:mossy_cobblestone":1,"minecraft:dirt":54,"minecraft:red_bed":1,"minecraft:crafting_table":2,"minecraft:obsidian":9,"minecraft:dripstone_block":4,"minecraft:tuff":6,"minecraft:bread":57,"wildlife:lark":1,"minecraft:iron_pickaxe":105,"torchbowmod:torchbow":61,"minecraft:dark_oak_wood":1,"minecraft:gravel":11,"friendsandfoes:waxed_lightning_rod":1,"minecraft:pink_petals":4,"minecraft:bow":12,"minecraft:cobblestone":10,"promenade:blunite":3,"minecraft:andesite":5,"minecraft:egg":1,"minecraft:cobbled_deepslate":42}},"DataVersion":3465}