{"stats":{"minecraft:crafted":{"minecraft:oak_planks":80,"the_bumblezone:honey_crystal_shield":3,"minecraft:diamond_helmet":1,"winterly:cryomarble":1,"minecraft:crafting_table":4,"minecraft:stick":4,"torchbowmod:torchbow":1,"minecraft:iron_ingot":4,"minecraft:flint_and_steel":2,"minecraft:diamond_boots":1,"weaponworks:diamond_greatsword":1,"minecraft:crimson_planks":40,"winterly:cryomarble_sword":1,"minecraft:air":0,"minecraft:oak_boat":1,"minecraft:diamond_chestplate":1},"minecraft:custom":{"lootr:looted_stat":131,"minecraft:interact_with_crafting_table":17,"minecraft:open_barrel":18,"goblintraders:trade_with_goblin":2,"minecraft:bell_ring":3,"minecraft:eat_cake_slice":2,"minecraft:leave_game":31,"minecraft:time_since_death":51484,"minecraft:sprint_one_cm":2323768,"minecraft:damage_blocked_by_shield":1328,"minecraft:drop":138,"minecraft:play_time":767872,"minecraft:deaths":28,"minecraft:jump":11686,"minecraft:interact_with_brewingstand":1,"minecraft:walk_on_water_one_cm":46486,"minecraft:enchant_item":13,"minecraft:interact_with_furnace":1,"minecraft:sleep_in_bed":3,"minecraft:open_enderchest":1,"minecraft:damage_dealt":17673,"minecraft:player_kills":11,"minecraft:crouch_one_cm":82746,"minecraft:interact_with_smoker":5,"minecraft:horse_one_cm":373240,"minecraft:interact_with_smithing_table":5,"minecraft:mob_kills":122,"minecraft:climb_one_cm":35323,"minecraft:walk_one_cm":1358982,"minecraft:damage_dealt_absorbed":839,"minecraft:sneak_time":29253,"minecraft:walk_under_water_one_cm":62126,"the_bumblezone:bumble_bee_chestplate_fly_time":4,"minecraft:total_world_time":767872,"minecraft:interact_with_stonecutter":1,"minecraft:time_since_rest":51541,"minecraft:damage_taken":20908,"minecraft:damage_absorbed":286,"minecraft:swim_one_cm":59817,"minecraft:fly_one_cm":4108147,"minecraft:open_chest":71,"minecraft:fall_one_cm":560310},"minecraft:killed":{"illagerinvasion:archivist":2,"minecraft:cave_spider":8,"minecraft:zombified_piglin":44,"minecraft:spider":6,"minecraft:skeleton":34,"enderzoology:infested_zombie":2,"minecraft:bee":14,"illagerinvasion:provoker":8,"minecraft:piglin_brute":4,"illagerinvasion:necromancer":2,"minecraft:magma_cube":14,"minecraft:piglin":14,"illagerinvasion:alchemist":2,"minecraft:pillager":2,"tinyskeletons:baby_skeleton":4,"minecraft:zombie":14,"mca:male_villager":2,"minecraft:cow":2,"minecraft:evoker":2,"minecraft:vex":4,"minecraft:vindicator":8,"illagerinvasion:marauder":2,"the_bumblezone:beehemoth":2,"minecraft:player":10},"minecraft:killed_by":{"minecraft:zombified_piglin":3,"minecraft:wither_skeleton":2,"minecraft:piglin_brute":2,"graveyard:skeleton_creeper":2,"minecraft:vindicator":2,"minecraft:player":4,"minecraft:iron_golem":1,"bosses_of_mass_destruction:void_blossom":7,"minecraft:bee":1,"minecraft:skeleton":2,"betternether:hydrogen_jellyfish":1},"minecraft:broken":{"minecraft:iron_boots":1,"the_bumblezone:honey_crystal_shield":1,"immersive_armors:heavy_helmet":1,"minecraft:iron_helmet":1},"minecraft:mined":{"winterly:raw_cryomarble_shard":4,"minecraft:brewing_stand":2,"minecraft:grass_block":26,"minecraft:orange_candle":1,"geode_plus:echo_crystal":4,"minecraft:spawner":4,"croptopia:cherry_crop":1,"minecraft:fire":5,"minecraft:cobbled_deepslate":1,"minecraft:anvil":1,"the_bumblezone:honeycomb_brood_block":2,"minecraft:enchanting_table":1,"the_bumblezone:empty_honeycomb_brood_block":1,"minecraft:pointed_dripstone":1,"minecraft:oak_sign":1,"minecraft:dirt_path":2,"amendments:wall_lantern":1,"minecraft:spruce_slab":1,"geode_plus:lapis_cluster":3,"minecraft:red_bed":2,"handcrafted:stackable_book":2,"the_bumblezone:pile_of_pollen":3,"minecraft:torch":4,"minecraft:dark_oak_wood":1,"minecraft:chest":2,"croptopia:raspberry_crop":1,"minecraft:nether_quartz_ore":1,"minecraft:cobblestone":13,"minecraft:honeycomb_block":2,"minecraft:oak_planks":8,"minecraft:iron_door":1,"minecraft:wall_torch":9,"the_bumblezone:porous_honeycomb_block":2,"minecraft:skeleton_skull":1,"minecraft:pink_petals":5,"lootr:trophy":1,"minecraft:stripped_oak_wood":2,"minecraft:black_bed":1,"croptopia:chile_pepper_crop":1,"minecraft:grass":32,"minecraft:oak_log":1,"betternether:basalt_stalactite":1,"minecraft:sand":3,"minecraft:dirt":14,"the_bumblezone:honey_cocoon":1,"minecraft:netherrack":2,"minecraft:oak_leaves":14,"minecraft:deepslate":40,"minecraft:emerald_block":1,"minecraft:nether_gold_ore":3,"minecraft:tuff":7,"minecraft:mossy_cobblestone":1,"minecraft:dark_oak_leaves":1,"minecraft:deepslate_diamond_ore":2,"the_bumblezone:glistering_honey_crystal":2,"croptopia:persimmon_crop":2,"minecraft:nether_bricks":1,"minecraft:ladder":1,"minecraft:chiseled_bookshelf":3,"the_bumblezone:filled_porous_honeycomb_block":6,"minecraft:cracked_nether_bricks":6,"minecraft:crimson_stem":12,"friendsandfoes:waxed_lightning_rod":1,"croptopia:barley_crop":3,"travelersbackpack:bat":1,"minecraft:andesite":4,"treechop:chopped_log":2,"minecraft:bookshelf":7,"minecraft:lantern":2,"ironchest:iron_chest":2,"bosses_of_mass_destruction:gauntlet_blackstone":1,"croptopia:elderberry_crop":1,"the_bumblezone:honey_crystal":6,"betternether:nether_lapis_ore":1,"minecraft:stone":129,"promenade:blunite":10,"randomium:randomium_ore_deepslate":1,"geode_plus:large_lapis_bud":2,"croptopia:sweetpotato_crop":1,"minecraft:honey_block":8,"minecraft:oak_wood":21,"croptopia:lemon_crop":1,"minecraft:tall_grass":12,"minecraft:sculk":1,"minecraft:stripped_spruce_wood":3,"minecraft:birch_leaves":3,"minecraft:bee_nest":1,"minecraft:gravel":15,"enchantinginfuser:advanced_enchanting_infuser":1,"minecraft:cobweb":5,"minecraft:cracked_stone_bricks":2,"minecraft:stone_bricks":6,"minecraft:mossy_stone_bricks":2},"minecraft:dropped":{"minecraft:iron_sword":1,"minecraft:diamond_axe":2,"bettermcdonaldsmod:lettuce_seeds":2,"minecraft:glass_bottle":1,"minecraft:ender_pearl":3,"minecraft:diamond":2,"mca:bouquet":1,"minecraft:saddle":1,"the_bumblezone:honey_compass":1,"orpheus:orpheus_lyre":1,"minecraft:red_carpet":1,"minecraft:emerald":5,"minecraft:gold_block":1,"mca:potion_of_masculinity":1,"bettermcdonaldsmod:tomato_seeds":3,"randomium:randomium":1,"minecraft:stone_button":1,"croptopia:barley_seed":3,"the_bumblezone:honey_crystal_shards":46,"the_bumblezone:crystal_cannon":2,"minecraft:gold_ingot":5,"minecraft:bone":1,"minecraft:emerald_block":3,"hangglider:hang_glider":3,"minecraft:cobbled_deepslate":3,"minecraft:pointed_dripstone":2,"minecraft:rotten_flesh":1,"universal_graves:grave_compass":4,"minecraft:oak_planks":74,"the_bumblezone:honey_crystal_shield":3,"travelersbackpack:bat":1,"artifacts:chorus_totem":1,"mca:engagement_ring":1,"travelersbackpack:iron":2,"minecraft:skeleton_skull":2,"promenade:blunite":6,"minecraft:ladder":1,"mca:book_infection":1,"minecraft:iron_bars":5,"croptopia:barley":1,"wildlife:sparrow":1,"minecraft:iron_ingot":39,"minecraft:wheat_seeds":2,"croptopia:starfruit":1,"travelersbackpack:coal":1,"minecraft:mossy_cobblestone":1,"minecraft:diamond_leggings":3,"minecraft:golden_axe":1,"minecraft:cobblestone":257,"minecraft:iron_helmet":2,"croptopia:raspberry":1,"minecraft:granite":9,"winterly:cryomarble_sword":2,"minecraft:grass_block":1,"minecraft:orange_candle":1,"mca:wedding_ring":2,"artifacts:obsidian_skull":1,"minecraft:diamond_helmet":1,"minecraft:crimson_sign":5,"the_bumblezone:honey_crystal":1,"minecraft:pink_petals":3,"minecraft:redstone":5,"weaponworks:diamond_greatsword":1,"minecraft:stone_sword":2,"the_bumblezone:carpenter_bee_boots_1":1,"minecraft:chicken":1,"croptopia:raspberry_seed":1,"minecraft:iron_boots":2,"winterly:cryomarble_shard":1,"croptopia:cherry":1,"croptopia:radish_seed":1,"the_bumblezone:bumble_bee_chestplate_2":1,"minecraft:diamond_sword":3,"minecraft:andesite":14,"promenade:blueberries":6,"bettermcdonaldsmod:happy_meal":1,"the_bumblezone:honey_bucket":16,"minecraft:spider_eye":2,"the_bumblezone:stingless_bee_helmet_1":1,"the_bumblezone:stinger_spear":2,"minecraft:bow":1,"minecraft:raw_gold":3,"the_bumblezone:honey_bee_leggings_1":1},"minecraft:picked_up":{"minecraft:wheat":2,"travelersbackpack:bat":2,"the_bumblezone:honey_crystal_shards":10,"minecraft:anvil":1,"croptopia:broccoli":1,"minecraft:diamond_sword":2,"minecraft:enchanted_book":22,"minecraft:potion":2,"minecraft:gilded_blackstone":3,"minecraft:brewing_stand":2,"enchantinginfuser:advanced_enchanting_infuser":1,"minecraft:string":13,"minecraft:polished_blackstone_brick_stairs":3,"universal_graves:grave_compass":1,"minecraft:oak_sign":1,"minecraft:diamond_leggings":1,"minecraft:gold_nugget":9,"minecraft:cobbled_deepslate":41,"minecraft:iron_pickaxe":1,"hangglider:hang_glider":2,"minecraft:crimson_sign":5,"minecraft:iron_boots":2,"mca:wedding_ring":1,"minecraft:tipped_arrow":24,"minecraft:stick":2,"croptopia:barley_seed":3,"minecraft:oak_fence":1,"minecraft:torch":17,"travelersbackpack:iron_tier_upgrade":1,"minecraft:golden_axe":5,"minecraft:pointed_dripstone":2,"minecraft:diorite":165,"the_bumblezone:bee_stinger":4,"betternether:lapis_pile":6,"travelersbackpack:iron":1,"minecraft:stone_sword":2,"minecraft:rotten_flesh":6,"artifacts:villager_hat":1,"croptopia:raspberry_seed":2,"weaponworks:diamond_greatsword":1,"croptopia:elderberry":1,"artifacts:panic_necklace":1,"minecraft:cobblestone":402,"minecraft:birch_log":1,"minecraft:enchanting_table":1,"minecraft:pink_petals":19,"immersive_armors:heavy_helmet":1,"minecraft:cooked_beef":1,"minecraft:magma_cream":4,"minecraft:andesite":19,"minecraft:black_bed":2,"minecraft:flint":1,"minecraft:tuff":6,"minecraft:stripped_spruce_wood":3,"betternether:bowl_upgrade_smithing_template":2,"artifacts:pickaxe_heater":2,"lootr:trophy":2,"minecraft:lapis_lazuli":33,"minecraft:dirt":91,"minecraft:lantern":3,"mca:baby_girl":1,"minecraft:bone":24,"minecraft:bow":10,"minecraft:wheat_seeds":9,"minecraft:raw_gold":3,"minecraft:mossy_stone_bricks":4,"promenade:blueberries":11,"minecraft:honeycomb":6,"minecraft:oak_planks":146,"duckling:duck_egg":3,"stoneworks:mossy_cobbled_end_stone_stairs":1,"minecraft:sand":3,"winterly:cryomarble_shard":6,"minecraft:mossy_cobblestone":2,"croptopia:cherry":1,"handcrafted:stackable_book":5,"minecraft:diamond":7,"minecraft:soul_lantern":1,"croptopia:radish_seed":1,"minecraft:crossbow":1,"minecraft:granite":9,"minecraft:bread":29,"minecraft:emerald":32,"minecraft:oak_sapling":6,"minecraft:netherrack":2,"minecraft:diamond_pickaxe":2,"the_bumblezone:porous_honeycomb_block":5,"minecraft:bee_nest":1,"artifacts:night_vision_goggles":1,"minecraft:splash_potion":3,"minecraft:chicken":1,"minecraft:ladder":1,"croptopia:sweetpotato_seed":1,"torchbowmod:torchbow":1,"minecraft:diamond_horse_armor":1,"promenade:blunite":9,"minecraft:shield":1,"minecraft:iron_axe":1,"minecraft:red_bed":1,"randomium:randomium":1,"the_bumblezone:empty_honeycomb_brood_block":1,"minecraft:item_frame":1,"minecraft:blackstone":4,"minecraft:cracked_stone_bricks":3,"minecraft:echo_shard":12,"minecraft:andesite_stairs":1,"orpheus:deepslate_tears_of_hades_ore":3,"lookinsharp:withering_artifact":2,"minecraft:iron_nugget":9,"minecraft:spruce_slab":1,"minecraft:chest":2,"minecraft:birch_sapling":1,"minecraft:egg":6,"minecraft:raw_iron":2,"artifacts:charm_of_sinking":1,"minecraft:glow_item_frame":5,"ironchest:iron_chest":2,"minecraft:polished_blackstone_bricks":4,"minecraft:stone_button":1,"minecraft:carrot":4,"minecraft:redstone":20,"minecraft:arrow":71,"friendsandfoes:waxed_lightning_rod":1,"minecraft:warped_sign":1,"minecraft:totem_of_undying":1,"minecraft:saddle":1,"minecraft:gold_ingot":28,"minecraft:skeleton_skull":3,"minecraft:crimson_stem":10,"minecraft:leather":2,"minecraft:red_mushroom":4,"artifacts:anglers_hat":1,"the_bumblezone:honey_bucket":4,"minecraft:oak_log":37,"minecraft:ancient_debris":3,"minecraft:gunpowder":5,"artifacts:cloud_in_a_bottle":1,"minecraft:paper":1,"minecraft:red_carpet":3,"croptopia:barley":3,"minecraft:stone_bricks":5,"croptopia:raspberry":2,"minecraft:iron_ingot":39,"bettermcdonaldsmod:tomato_seeds":5,"minecraft:stripped_oak_wood":2,"minecraft:glass_bottle":4,"croptopia:elderberry_seed":2,"orpheus:orpheus_lyre":1,"minecraft:polished_andesite_slab":1,"minecraft:book":22,"artifacts:obsidian_skull":1,"winterly:cryomarble_sword":2,"minecraft:emerald_block":5,"croptopia:starfruit":1,"minecraft:cracked_nether_bricks":2,"minecraft:dripstone_block":4,"mca:divorce_papers":1,"minecraft:gravel":11,"wildlife:sparrow":2,"minecraft:orange_candle":1,"the_bumblezone:honey_cocoon":1,"minecraft:crying_obsidian":4,"minecraft:spider_eye":2,"the_bumblezone:filled_porous_honeycomb_block":1,"minecraft:oak_wood":17,"croptopia:oat_seed":2,"minecraft:honey_block":9,"minecraft:iron_helmet":2,"croptopia:orange":4,"bettermcdonaldsmod:lettuce_seeds":3,"the_bumblezone:pollen_puff":3,"minecraft:diamond_axe":1,"mca:book_infection":4,"minecraft:dark_oak_wood":1},"minecraft:used":{"minecraft:iron_shovel":39,"stoneworks:diorite_bricks":66,"minecraft:chest":19,"minecraft:stone":112,"minecraft:iron_sword":101,"lootr:trophy":2,"minecraft:warped_sign":1,"weaponworks:diamond_greatsword":89,"the_bumblezone:beehemoth_spawn_egg":2,"handcrafted:stackable_book":5,"ironchest:iron_chest":10,"travelersbackpack:iron":1,"minecraft:tuff":6,"enchantinginfuser:advanced_enchanting_infuser":3,"minecraft:obsidian":88,"minecraft:glass":5,"minecraft:honey_block":9,"minecraft:lantern":6,"minecraft:grass_block":113,"wildlife:lark":1,"stoneworks:diorite_brick_slab":104,"minecraft:dark_oak_wood":1,"minecraft:stone_bricks":68,"minecraft:stone_brick_stairs":7,"minecraft:item_frame":1,"minecraft:bow":87,"ribbits:ribbit_merchant_spawn_egg":7,"minecraft:furnace":13,"minecraft:skeleton_skull":1,"minecraft:egg":5,"stoneworks:chiseled_diorite":2,"minecraft:mossy_stone_bricks":1,"minecraft:oak_planks":117,"minecraft:blackstone":4,"minecraft:ender_pearl":1,"minecraft:diamond_axe":78,"winterly:cryomarble_sword":143,"minecraft:golden_apple":9,"stoneworks:diorite_pillar":27,"minecraft:sand":3,"the_bumblezone:filled_porous_honeycomb_block":1,"minecraft:crossbow":1,"minecraft:dripstone_block":4,"minecraft:black_bed":2,"croptopia:orange":1,"minecraft:crying_obsidian":2,"stoneworks:diorite_brick_stairs":176,"minecraft:bread":181,"hybrid-aquatic:cowfish_spawn_egg":1,"minecraft:gravel":11,"friendsandfoes:waxed_lightning_rod":1,"minecraft:diamond_sword":1,"promenade:blunite":3,"promenade:sakura_door":2,"the_bumblezone:bee_queen_spawn_egg":1,"minecraft:smithing_table":1,"minecraft:andesite":5,"minecraft:oak_boat":1,"minecraft:oak_fence":1,"the_bumblezone:sugar_water_bucket":2,"minecraft:flint_and_steel":10,"travelersbackpack:bat":1,"minecraft:netherrack":9,"minecraft:torch":135,"the_bumblezone:honey_crystal_shield":5,"minecraft:dirt":83,"minecraft:spyglass":10,"minecraft:anvil":1,"ribbits:ribbit_gardener_spawn_egg":7,"the_bumblezone:porous_honeycomb_block":4,"minecraft:bee_nest":3,"promenade:blueberries":5,"minecraft:polished_blackstone_brick_stairs":3,"minecraft:crimson_planks":49,"the_bumblezone:honey_bucket":16,"minecraft:emerald_block":1,"duckling:duck_egg":3,"minecraft:cobbled_deepslate":42,"the_bumblezone:crystal_cannon":1,"mca:staff_of_life":1,"minecraft:golden_axe":16,"minecraft:water_bucket":2,"ribbits:ribbit_fisherman_spawn_egg":7,"ribbits:ribbit_sorcerer_spawn_egg":7,"ribbits:ribbit_nitwit_spawn_egg":7,"minecraft:cracked_stone_bricks":1,"minecraft:polished_blackstone_bricks":4,"minecraft:glow_item_frame":7,"minecraft:mossy_cobblestone":1,"the_bumblezone:pollen_puff":9,"minecraft:crafting_table":5,"minecraft:red_bed":1,"minecraft:white_bed":3,"minecraft:oak_log":12,"minecraft:diamond_pickaxe":156,"minecraft:iron_pickaxe":176,"torchbowmod:torchbow":150,"minecraft:cracked_nether_bricks":2,"minecraft:pink_petals":4,"enchantinginfuser:enchanting_infuser":1,"minecraft:cobblestone":13,"minecraft:potion":1,"minecraft:bucket":5}},"DataVersion":3465}