{"stats":{"minecraft:custom":{"minecraft:jump":153,"minecraft:time_since_rest":9257,"minecraft:sprint_one_cm":40740,"minecraft:leave_game":2,"minecraft:play_time":9257,"minecraft:damage_taken":215,"minecraft:time_since_death":9257,"minecraft:walk_one_cm":3093,"minecraft:sneak_time":3,"minecraft:climb_one_cm":952,"minecraft:total_world_time":9257,"minecraft:fall_one_cm":2234,"minecraft:fly_one_cm":50110},"minecraft:used":{"mca:female_villager_spawn_egg":14,"ribbits:ribbit_sorcerer_spawn_egg":4,"ribbits:ribbit_nitwit_spawn_egg":4,"ribbits:ribbit_merchant_spawn_egg":4,"ribbits:ribbit_gardener_spawn_egg":4,"ribbits:ribbit_fisherman_spawn_egg":4}},"DataVersion":3465}