{"stats":{"minecraft:picked_up":{"minecraft:pink_petals":16,"universal_graves:grave_compass":1,"minecraft:wheat_seeds":1,"bettermcdonaldsmod:tomato_seeds":1,"minecraft:dirt":2},"minecraft:custom":{"minecraft:time_since_rest":1458,"minecraft:deaths":1,"minecraft:crouch_one_cm":738,"minecraft:play_time":11461,"minecraft:sprint_one_cm":48266,"minecraft:damage_taken":715,"minecraft:walk_one_cm":21047,"minecraft:sneak_time":156,"minecraft:jump":260,"minecraft:damage_dealt":216,"minecraft:leave_game":2,"minecraft:time_since_death":1433,"minecraft:total_world_time":11461,"minecraft:fall_one_cm":13686,"minecraft:fly_one_cm":52840},"minecraft:used":{"minecraft:pink_petals":4,"minecraft:dirt":2,"minecraft:bread":3},"minecraft:mined":{"minecraft:grass":1,"minecraft:pink_petals":3,"minecraft:grass_block":2},"minecraft:killed_by":{"minecraft:vindicator":1}},"DataVersion":3465}