{"stats":{"minecraft:picked_up":{"minecraft:dirt":2},"minecraft:custom":{"minecraft:jump":90,"minecraft:time_since_rest":26323,"minecraft:damage_taken":400,"minecraft:leave_game":4,"minecraft:sprint_one_cm":12489,"minecraft:play_time":32837,"minecraft:walk_one_cm":9756,"minecraft:time_since_death":26272,"minecraft:deaths":1,"minecraft:total_world_time":32837,"minecraft:fall_one_cm":2634,"minecraft:fly_one_cm":16695},"minecraft:killed_by":{"graveyard:skeleton_creeper":1},"minecraft:mined":{"minecraft:grass_block":1,"minecraft:dirt_path":1,"minecraft:dirt":1}},"DataVersion":3465}