{"stats":{"minecraft:crafted":{"minecraft:crafting_table":1,"minecraft:air":0,"minecraft:flint_and_steel":1,"torchbowmod:torchbow":1,"minecraft:iron_ingot":4},"minecraft:custom":{"minecraft:interact_with_smithing_table":2,"lootr:looted_stat":44,"minecraft:mob_kills":20,"minecraft:interact_with_crafting_table":5,"goblintraders:trade_with_goblin":2,"minecraft:leave_game":6,"minecraft:time_since_death":1007,"minecraft:climb_one_cm":3323,"minecraft:time_since_rest":1031,"minecraft:sprint_one_cm":421442,"minecraft:damage_taken":7931,"minecraft:walk_one_cm":266719,"minecraft:drop":20,"minecraft:damage_dealt":3983,"minecraft:swim_one_cm":10658,"minecraft:fly_one_cm":718942,"minecraft:crouch_one_cm":13103,"minecraft:play_time":137653,"minecraft:deaths":13,"minecraft:sneak_time":5682,"minecraft:walk_under_water_one_cm":10754,"minecraft:jump":2119,"minecraft:walk_on_water_one_cm":4336,"minecraft:total_world_time":137653,"minecraft:interact_with_smoker":5,"minecraft:fall_one_cm":66848},"minecraft:killed":{"minecraft:cave_spider":8,"minecraft:vindicator":2,"minecraft:skeleton":16,"tinyskeletons:baby_skeleton":4,"minecraft:zombie":2,"enderzoology:infested_zombie":2},"minecraft:killed_by":{"minecraft:vindicator":2,"minecraft:player":2,"minecraft:skeleton":1,"bosses_of_mass_destruction:void_blossom":7,"graveyard:skeleton_creeper":1},"minecraft:mined":{"winterly:raw_cryomarble_shard":4,"minecraft:tuff":4,"minecraft:mossy_cobblestone":1,"promenade:blunite":10,"minecraft:deepslate_diamond_ore":2,"randomium:randomium_ore_deepslate":1,"geode_plus:large_lapis_bud":2,"croptopia:sweetpotato_crop":1,"minecraft:ladder":1,"minecraft:dark_oak_wood":1,"minecraft:grass_block":4,"minecraft:tall_grass":2,"minecraft:cobblestone":3,"minecraft:sculk":1,"geode_plus:echo_crystal":4,"minecraft:wall_torch":2,"minecraft:spawner":1,"friendsandfoes:waxed_lightning_rod":1,"minecraft:pink_petals":5,"minecraft:skeleton_skull":1,"travelersbackpack:bat":1,"minecraft:andesite":3,"croptopia:chile_pepper_crop":1,"minecraft:grass":3,"minecraft:pointed_dripstone":1,"minecraft:gravel":14,"minecraft:dirt":8,"minecraft:cracked_stone_bricks":1,"minecraft:stone":6,"minecraft:stone_bricks":2,"minecraft:mossy_stone_bricks":1,"minecraft:deepslate":16,"geode_plus:lapis_cluster":3},"minecraft:dropped":{"minecraft:iron_sword":1,"minecraft:wheat_seeds":1,"minecraft:cobbled_deepslate":3,"minecraft:mossy_cobblestone":1,"minecraft:pointed_dripstone":2,"minecraft:cobblestone":1,"minecraft:iron_helmet":1,"universal_graves:grave_compass":2,"minecraft:granite":9,"travelersbackpack:bat":1,"bettermcdonaldsmod:tomato_seeds":3,"promenade:blunite":6,"minecraft:andesite":13,"minecraft:ladder":1,"minecraft:iron_bars":5,"minecraft:pink_petals":3,"minecraft:redstone":5},"minecraft:picked_up":{"minecraft:pink_petals":19,"travelersbackpack:bat":2,"minecraft:ladder":1,"minecraft:andesite":18,"croptopia:sweetpotato_seed":1,"minecraft:flint":1,"minecraft:tuff":2,"promenade:blunite":9,"minecraft:lapis_lazuli":9,"minecraft:dirt":26,"minecraft:string":6,"universal_graves:grave_compass":1,"minecraft:bone":16,"minecraft:stone_bricks":3,"minecraft:bow":3,"minecraft:cracked_stone_bricks":2,"minecraft:wheat_seeds":2,"minecraft:cobbled_deepslate":16,"minecraft:echo_shard":12,"bettermcdonaldsmod:tomato_seeds":2,"minecraft:mossy_stone_bricks":2,"minecraft:oak_planks":16,"minecraft:egg":1,"minecraft:raw_iron":2,"artifacts:charm_of_sinking":1,"stoneworks:mossy_cobbled_end_stone_stairs":1,"minecraft:torch":3,"minecraft:dripstone_block":4,"minecraft:gravel":11,"minecraft:pointed_dripstone":2,"winterly:cryomarble_shard":4,"minecraft:redstone":10,"minecraft:spider_eye":2,"minecraft:mossy_cobblestone":2,"minecraft:arrow":14,"minecraft:rotten_flesh":2,"friendsandfoes:waxed_lightning_rod":1,"minecraft:diamond":2,"minecraft:granite":9,"minecraft:emerald":3,"minecraft:bread":29,"minecraft:dark_oak_wood":1,"minecraft:skeleton_skull":1,"minecraft:cobblestone":10},"minecraft:used":{"minecraft:iron_shovel":17,"minecraft:stone":5,"minecraft:iron_sword":101,"travelersbackpack:bat":1,"minecraft:torch":32,"minecraft:mossy_cobblestone":1,"minecraft:dirt":54,"minecraft:crafting_table":1,"minecraft:dripstone_block":4,"minecraft:bread":49,"minecraft:iron_pickaxe":73,"torchbowmod:torchbow":51,"minecraft:dark_oak_wood":1,"minecraft:gravel":11,"friendsandfoes:waxed_lightning_rod":1,"minecraft:pink_petals":4,"minecraft:bow":12,"minecraft:cobblestone":4,"promenade:blunite":3,"minecraft:andesite":5,"minecraft:egg":1,"minecraft:cobbled_deepslate":22}},"DataVersion":3465}