{"stats":{"minecraft:killed":{"enderzoology:fallen_knight":2,"graveyard:nightmare":2,"minecraft:skeleton":6,"minecraft:pillager":10},"minecraft:picked_up":{"minecraft:crafting_table":1,"minecraft:pink_petals":10,"minecraft:iron_chestplate":1,"minecraft:cherry_planks":31,"croptopia:broccoli_seed":1,"croptopia:kale":2,"croptopia:broccoli":1,"minecraft:wooden_pickaxe":1,"minecraft:dirt":24,"minecraft:red_bed":2,"minecraft:bone":5,"minecraft:apple":4,"graveyard:corruption":2,"minecraft:wheat_seeds":3,"minecraft:iron_ingot":6,"bettermcdonaldsmod:tomato_seeds":2,"croptopia:pepper_seed":2,"minecraft:stripped_oak_wood":1,"croptopia:kale_seed":3,"minecraft:oak_planks":8,"minecraft:stick":16,"minecraft:cherry_log":17,"minecraft:arrow":2,"minecraft:slime_ball":1,"friendsandfoes:waxed_lightning_rod":1,"minecraft:beetroot_seeds":1,"bettermcdonaldsmod:lettuce_seeds":2,"minecraft:hay_block":2,"minecraft:cherry_sapling":13,"croptopia:pepper":1,"minecraft:stripped_birch_wood":4,"minecraft:cobblestone":1},"minecraft:crafted":{"minecraft:cherry_planks":68,"minecraft:crafting_table":2,"minecraft:bread":6,"minecraft:shield":1,"minecraft:stick":4,"minecraft:wooden_axe":1,"minecraft:dark_oak_planks":12,"minecraft:wheat":18},"minecraft:custom":{"lootr:looted_stat":11,"minecraft:mob_kills":10,"minecraft:interact_with_crafting_table":5,"minecraft:leave_game":5,"minecraft:time_since_death":750,"minecraft:sleep_in_bed":2,"minecraft:climb_one_cm":4894,"minecraft:time_since_rest":787,"minecraft:sprint_one_cm":331088,"minecraft:damage_taken":4481,"minecraft:walk_one_cm":114785,"minecraft:drop":7,"minecraft:damage_dealt":5307,"minecraft:fly_one_cm":320157,"minecraft:open_chest":2,"minecraft:crouch_one_cm":7585,"minecraft:play_time":62549,"minecraft:deaths":11,"minecraft:sneak_time":2274,"minecraft:walk_under_water_one_cm":389,"minecraft:jump":1454,"minecraft:walk_on_water_one_cm":3151,"minecraft:total_world_time":62549,"minecraft:fall_one_cm":42419},"minecraft:dropped":{"minecraft:iron_ingot":3,"minecraft:apple":1,"hauntedharvest:grim_apple":1,"minecraft:bow":1,"minecraft:wooden_pickaxe":1},"minecraft:used":{"ribbits:ribbit_fisherman_spawn_egg":4,"ribbits:ribbit_sorcerer_spawn_egg":4,"minecraft:oak_planks":1,"minecraft:iron_sword":99,"ribbits:ribbit_nitwit_spawn_egg":4,"minecraft:stripped_birch_wood":15,"minecraft:iron_chestplate":1,"minecraft:dirt":4,"ribbits:ribbit_gardener_spawn_egg":4,"minecraft:crafting_table":3,"minecraft:red_bed":1,"mca:female_villager_spawn_egg":14,"minecraft:wooden_axe":26,"minecraft:bread":21,"minecraft:iron_pickaxe":2,"minecraft:iron_helmet":1,"minecraft:iron_boots":1,"friendsandfoes:waxed_lightning_rod":1,"ribbits:ribbit_merchant_spawn_egg":4},"minecraft:mined":{"minecraft:red_bed":3,"croptopia:kale_crop":1,"minecraft:cherry_log":3,"minecraft:crafting_table":2,"minecraft:grass_block":3,"minecraft:pink_petals":4,"minecraft:hay_block":2,"minecraft:fire":32,"treechop:chopped_log":3,"minecraft:grass":9},"minecraft:killed_by":{"enderzoology:fallen_knight":1,"minecraft:player":2,"minecraft:skeleton":1,"minecraft:pillager":1}},"DataVersion":3465}