{"stats":{"minecraft:custom":{"minecraft:time_since_rest":26233,"minecraft:play_time":36236,"minecraft:crouch_one_cm":1389,"lootr:looted_stat":7,"minecraft:sprint_one_cm":103825,"minecraft:damage_taken":1288,"minecraft:deaths":1,"minecraft:walk_one_cm":48305,"minecraft:sneak_time":300,"minecraft:mob_kills":1,"minecraft:drop":1,"minecraft:jump":477,"minecraft:damage_dealt":331,"minecraft:leave_game":3,"minecraft:time_since_death":26208,"minecraft:climb_one_cm":3168,"minecraft:total_world_time":36236,"minecraft:fall_one_cm":22256,"minecraft:fly_one_cm":93862},"minecraft:killed":{"minecraft:vindicator":2},"minecraft:killed_by":{"minecraft:vindicator":1},"minecraft:mined":{"minecraft:ladder":1,"minecraft:pink_petals":3,"minecraft:grass":1,"minecraft:grass_block":2,"minecraft:dirt":1,"minecraft:dark_oak_wood":1},"minecraft:dropped":{"universal_graves:grave_compass":1},"minecraft:picked_up":{"minecraft:pink_petals":16,"minecraft:ladder":1,"minecraft:wheat_seeds":1,"bettermcdonaldsmod:tomato_seeds":2,"minecraft:dark_oak_wood":1,"minecraft:dirt":5,"universal_graves:grave_compass":1},"minecraft:used":{"minecraft:dirt":2,"minecraft:bread":9,"minecraft:dark_oak_wood":1,"minecraft:iron_sword":1,"minecraft:pink_petals":4}},"DataVersion":3465}