{"stats":{"minecraft:killed":{"enderzoology:fallen_knight":4,"minecraft:cave_spider":4,"graveyard:nightmare":2,"minecraft:spider":4,"minecraft:skeleton":10,"minecraft:pillager":10,"tinyskeletons:baby_skeleton":2,"minecraft:zombie":4,"minecraft:player":2,"enderzoology:wither_witch":2},"minecraft:picked_up":{"minecraft:crafting_table":1,"minecraft:pink_petals":11,"minecraft:iron_chestplate":2,"minecraft:cherry_planks":31,"croptopia:broccoli_seed":2,"croptopia:kale":5,"croptopia:broccoli":1,"minecraft:wooden_pickaxe":1,"enderzoology:withering_dust":2,"minecraft:string":3,"minecraft:dirt":28,"minecraft:red_bed":2,"minecraft:leather_boots":1,"croptopia:corn":1,"minecraft:bone":10,"minecraft:apple":4,"graveyard:corruption":2,"minecraft:wheat_seeds":8,"minecraft:iron_ingot":6,"bettermcdonaldsmod:tomato_seeds":5,"croptopia:pepper_seed":2,"minecraft:stripped_oak_wood":1,"minecraft:iron_sword":1,"croptopia:kale_seed":5,"minecraft:chest":5,"minecraft:oak_planks":8,"duckling:duck_egg":1,"croptopia:corn_seed":1,"croptopia:chile_pepper_seed":2,"minecraft:stick":16,"minecraft:torch":4,"croptopia:cucumber_seed":1,"minecraft:cherry_log":17,"croptopia:chile_pepper":1,"minecraft:rotten_flesh":2,"minecraft:stone_sword":1,"minecraft:arrow":2,"minecraft:slime_ball":1,"friendsandfoes:waxed_lightning_rod":1,"minecraft:beetroot_seeds":1,"bettermcdonaldsmod:lettuce_seeds":5,"minecraft:hay_block":2,"minecraft:cherry_sapling":13,"croptopia:pepper":1,"minecraft:stripped_birch_wood":4,"minecraft:cobblestone":1},"minecraft:crafted":{"minecraft:cherry_planks":68,"minecraft:crafting_table":2,"minecraft:bread":6,"minecraft:shield":1,"minecraft:stick":4,"minecraft:wooden_axe":1,"minecraft:dark_oak_planks":12,"minecraft:torch":4,"minecraft:wheat":18},"minecraft:custom":{"minecraft:interact_with_furnace":2,"lootr:looted_stat":15,"minecraft:mob_kills":21,"minecraft:interact_with_crafting_table":9,"minecraft:leave_game":6,"minecraft:time_since_death":15332,"minecraft:sleep_in_bed":3,"minecraft:climb_one_cm":4894,"minecraft:time_since_rest":1992,"minecraft:sprint_one_cm":577697,"minecraft:damage_taken":6276,"minecraft:walk_one_cm":262015,"minecraft:damage_blocked_by_shield":390,"minecraft:drop":30,"minecraft:damage_dealt":8310,"minecraft:swim_one_cm":2041,"minecraft:fly_one_cm":607153,"minecraft:player_kills":1,"minecraft:open_chest":29,"minecraft:crouch_one_cm":13979,"minecraft:play_time":100307,"minecraft:deaths":14,"minecraft:sneak_time":3546,"minecraft:walk_under_water_one_cm":1408,"minecraft:jump":2769,"minecraft:walk_on_water_one_cm":7018,"minecraft:total_world_time":100307,"minecraft:fall_one_cm":78661},"minecraft:dropped":{"minecraft:iron_ingot":3,"minecraft:wheat_seeds":6,"bettermcdonaldsmod:lettuce_seeds":3,"croptopia:kale":3,"croptopia:chile_pepper":1,"minecraft:apple":1,"hauntedharvest:grim_apple":1,"minecraft:leather_helmet":1,"minecraft:dirt":20,"croptopia:broccoli":1,"bettermcdonaldsmod:tomato_seeds":3,"minecraft:potato":4,"croptopia:kale_seed":5,"minecraft:torch":1,"croptopia:broccoli_seed":2,"minecraft:cherry_planks":29,"minecraft:slime_ball":1,"minecraft:bow":1,"minecraft:wooden_pickaxe":1,"croptopia:pepper_seed":2},"minecraft:used":{"ribbits:ribbit_fisherman_spawn_egg":4,"ribbits:ribbit_sorcerer_spawn_egg":4,"minecraft:oak_planks":1,"minecraft:chest":4,"minecraft:shield":33,"minecraft:cherry_planks":9,"minecraft:iron_sword":199,"ribbits:ribbit_nitwit_spawn_egg":4,"minecraft:stripped_birch_wood":15,"minecraft:iron_chestplate":1,"minecraft:torch":7,"minecraft:dirt":6,"ribbits:ribbit_gardener_spawn_egg":4,"minecraft:crafting_table":3,"minecraft:red_bed":1,"mca:female_villager_spawn_egg":14,"minecraft:wooden_axe":32,"minecraft:bread":47,"minecraft:iron_pickaxe":2,"minecraft:iron_helmet":1,"minecraft:iron_boots":1,"friendsandfoes:waxed_lightning_rod":1,"ribbits:ribbit_merchant_spawn_egg":4,"duckling:duck_egg":1,"croptopia:corn":1},"minecraft:mined":{"minecraft:cherry_planks":2,"minecraft:red_bed":3,"croptopia:kale_crop":1,"minecraft:cherry_log":3,"minecraft:torch":1,"minecraft:crafting_table":2,"minecraft:grass_block":10,"minecraft:chest":5,"minecraft:tall_grass":1,"minecraft:wall_torch":3,"minecraft:pink_petals":5,"minecraft:hay_block":2,"croptopia:corn_crop":1,"minecraft:fire":32,"treechop:chopped_log":3,"croptopia:chile_pepper_crop":2,"minecraft:grass":18},"minecraft:killed_by":{"enderzoology:fallen_mount":1,"enderzoology:fallen_knight":1,"minecraft:player":3,"minecraft:cave_spider":1,"minecraft:skeleton":1,"minecraft:pillager":1}},"DataVersion":3465}