{"stats":{"minecraft:crafted":{"minecraft:flint_and_steel":2,"winterly:cryomarble":1,"minecraft:crimson_planks":40,"minecraft:crafting_table":3,"winterly:cryomarble_sword":1,"minecraft:air":0,"minecraft:oak_boat":1,"torchbowmod:torchbow":1,"minecraft:iron_ingot":4},"minecraft:custom":{"minecraft:interact_with_smithing_table":2,"lootr:looted_stat":77,"minecraft:mob_kills":57,"minecraft:interact_with_crafting_table":8,"minecraft:open_barrel":1,"goblintraders:trade_with_goblin":2,"minecraft:leave_game":18,"minecraft:time_since_death":7006,"minecraft:climb_one_cm":6542,"minecraft:sprint_one_cm":1770829,"minecraft:walk_one_cm":974668,"minecraft:damage_blocked_by_shield":135,"minecraft:drop":54,"minecraft:play_time":534829,"minecraft:walk_under_water_one_cm":10878,"minecraft:deaths":19,"minecraft:sneak_time":19623,"minecraft:jump":7724,"minecraft:walk_on_water_one_cm":6343,"minecraft:total_world_time":534829,"minecraft:interact_with_furnace":1,"minecraft:sleep_in_bed":3,"minecraft:time_since_rest":2092,"minecraft:damage_taken":14023,"minecraft:damage_dealt":8127,"minecraft:player_kills":1,"minecraft:fly_one_cm":2616711,"minecraft:swim_one_cm":10811,"minecraft:open_chest":47,"minecraft:crouch_one_cm":52335,"minecraft:interact_with_smoker":5,"minecraft:fall_one_cm":298820,"minecraft:horse_one_cm":196236},"minecraft:killed":{"minecraft:cave_spider":8,"minecraft:vindicator":2,"minecraft:spider":4,"minecraft:skeleton":18,"enderzoology:infested_zombie":2,"minecraft:piglin_brute":4,"minecraft:magma_cube":14,"minecraft:piglin":14,"minecraft:pillager":2,"tinyskeletons:baby_skeleton":4,"minecraft:zombie":8,"mca:male_villager":2,"minecraft:player":2,"minecraft:cow":2},"minecraft:killed_by":{"minecraft:player":2,"minecraft:piglin_brute":1,"minecraft:wither_skeleton":2,"bosses_of_mass_destruction:void_blossom":7,"graveyard:skeleton_creeper":2,"minecraft:vindicator":2,"minecraft:skeleton":2,"betternether:hydrogen_jellyfish":1},"minecraft:broken":{"immersive_armors:heavy_helmet":1,"minecraft:iron_helmet":1},"minecraft:mined":{"minecraft:nether_gold_ore":3,"winterly:raw_cryomarble_shard":4,"minecraft:tuff":7,"minecraft:mossy_cobblestone":1,"minecraft:deepslate_diamond_ore":2,"minecraft:nether_bricks":1,"minecraft:ladder":1,"minecraft:grass_block":25,"minecraft:cracked_nether_bricks":6,"minecraft:crimson_stem":12,"friendsandfoes:waxed_lightning_rod":1,"geode_plus:echo_crystal":4,"minecraft:spawner":3,"croptopia:barley_crop":1,"travelersbackpack:bat":1,"minecraft:fire":1,"minecraft:cobbled_deepslate":1,"minecraft:andesite":3,"treechop:chopped_log":1,"minecraft:pointed_dripstone":1,"minecraft:dirt_path":2,"minecraft:oak_sign":1,"amendments:wall_lantern":1,"minecraft:lantern":2,"bosses_of_mass_destruction:gauntlet_blackstone":1,"betternether:nether_lapis_ore":1,"minecraft:stone":86,"geode_plus:lapis_cluster":3,"minecraft:red_bed":1,"promenade:blunite":10,"randomium:randomium_ore_deepslate":1,"geode_plus:large_lapis_bud":2,"croptopia:sweetpotato_crop":1,"minecraft:torch":2,"minecraft:dark_oak_wood":1,"minecraft:nether_quartz_ore":1,"minecraft:tall_grass":8,"minecraft:cobblestone":13,"minecraft:sculk":1,"minecraft:wall_torch":4,"minecraft:skeleton_skull":1,"minecraft:pink_petals":5,"minecraft:black_bed":1,"croptopia:chile_pepper_crop":1,"minecraft:grass":27,"betternether:basalt_stalactite":1,"minecraft:gravel":15,"minecraft:dirt":14,"minecraft:cobweb":5,"minecraft:cracked_stone_bricks":1,"minecraft:stone_bricks":3,"minecraft:netherrack":2,"minecraft:mossy_stone_bricks":2,"minecraft:emerald_block":1,"minecraft:deepslate":40},"minecraft:dropped":{"minecraft:iron_ingot":39,"minecraft:iron_sword":1,"minecraft:wheat_seeds":2,"bettermcdonaldsmod:lettuce_seeds":2,"minecraft:mossy_cobblestone":1,"minecraft:diamond":2,"mca:bouquet":1,"minecraft:iron_helmet":1,"minecraft:cobblestone":1,"minecraft:granite":9,"winterly:cryomarble_sword":1,"minecraft:grass_block":1,"mca:wedding_ring":2,"minecraft:gold_block":1,"mca:potion_of_masculinity":1,"minecraft:emerald":5,"bettermcdonaldsmod:tomato_seeds":3,"minecraft:crimson_sign":5,"croptopia:barley_seed":2,"minecraft:pink_petals":3,"minecraft:gold_ingot":5,"minecraft:redstone":5,"minecraft:emerald_block":3,"minecraft:cobbled_deepslate":3,"minecraft:pointed_dripstone":2,"minecraft:chicken":1,"universal_graves:grave_compass":2,"winterly:cryomarble_shard":1,"travelersbackpack:bat":1,"mca:engagement_ring":1,"travelersbackpack:iron":2,"minecraft:diamond_sword":2,"promenade:blunite":6,"minecraft:andesite":13,"minecraft:ladder":1,"minecraft:spider_eye":2,"mca:book_infection":1,"minecraft:iron_bars":5,"minecraft:raw_gold":3,"croptopia:barley":1,"wildlife:sparrow":1},"minecraft:picked_up":{"minecraft:wheat":1,"travelersbackpack:bat":2,"minecraft:chicken":1,"minecraft:ladder":1,"croptopia:broccoli":1,"croptopia:sweetpotato_seed":1,"minecraft:diamond_sword":2,"minecraft:enchanted_book":1,"promenade:blunite":9,"minecraft:polished_blackstone_brick_stairs":3,"minecraft:string":11,"minecraft:red_bed":1,"universal_graves:grave_compass":1,"minecraft:blackstone":4,"minecraft:oak_sign":1,"minecraft:cracked_stone_bricks":2,"minecraft:gold_nugget":5,"minecraft:cobbled_deepslate":41,"minecraft:echo_shard":12,"minecraft:iron_pickaxe":1,"minecraft:crimson_sign":5,"minecraft:egg":6,"mca:wedding_ring":1,"minecraft:stick":2,"minecraft:raw_iron":2,"croptopia:barley_seed":2,"artifacts:charm_of_sinking":1,"minecraft:torch":10,"minecraft:polished_blackstone_bricks":4,"minecraft:pointed_dripstone":2,"minecraft:redstone":15,"betternether:lapis_pile":3,"travelersbackpack:iron":1,"minecraft:arrow":16,"minecraft:rotten_flesh":2,"friendsandfoes:waxed_lightning_rod":1,"minecraft:warped_sign":1,"artifacts:panic_necklace":1,"minecraft:skeleton_skull":1,"minecraft:cobblestone":98,"minecraft:pink_petals":19,"immersive_armors:heavy_helmet":1,"minecraft:cooked_beef":1,"minecraft:magma_cream":2,"minecraft:crimson_stem":10,"minecraft:andesite":18,"minecraft:black_bed":1,"minecraft:leather":2,"minecraft:red_mushroom":2,"artifacts:anglers_hat":1,"minecraft:flint":1,"minecraft:tuff":6,"artifacts:cloud_in_a_bottle":1,"artifacts:pickaxe_heater":1,"minecraft:lapis_lazuli":9,"minecraft:dirt":53,"minecraft:lantern":3,"minecraft:bone":18,"croptopia:barley":1,"minecraft:stone_bricks":3,"minecraft:bow":3,"minecraft:wheat_seeds":8,"minecraft:raw_gold":3,"minecraft:iron_ingot":1,"bettermcdonaldsmod:tomato_seeds":5,"minecraft:mossy_stone_bricks":3,"minecraft:oak_planks":16,"winterly:cryomarble_sword":1,"minecraft:emerald_block":1,"stoneworks:mossy_cobbled_end_stone_stairs":1,"minecraft:cracked_nether_bricks":2,"minecraft:dripstone_block":4,"minecraft:gravel":11,"wildlife:sparrow":2,"winterly:cryomarble_shard":6,"minecraft:spider_eye":2,"minecraft:mossy_cobblestone":2,"croptopia:oat_seed":2,"minecraft:diamond":7,"bettermcdonaldsmod:lettuce_seeds":3,"minecraft:granite":9,"minecraft:emerald":3,"minecraft:bread":29,"mca:book_infection":2,"minecraft:oak_sapling":3,"minecraft:netherrack":2,"minecraft:dark_oak_wood":1},"minecraft:used":{"minecraft:flint_and_steel":10,"minecraft:iron_shovel":39,"stoneworks:diorite_bricks":66,"minecraft:chest":17,"minecraft:stone":112,"minecraft:iron_sword":101,"minecraft:warped_sign":1,"minecraft:netherrack":9,"travelersbackpack:bat":1,"minecraft:torch":113,"minecraft:dirt":83,"minecraft:anvil":1,"ribbits:ribbit_gardener_spawn_egg":7,"ironchest:iron_chest":8,"enchantinginfuser:advanced_enchanting_infuser":2,"minecraft:tuff":6,"minecraft:obsidian":88,"minecraft:glass":5,"minecraft:lantern":6,"minecraft:grass_block":113,"wildlife:lark":1,"minecraft:dark_oak_wood":1,"stoneworks:diorite_brick_slab":104,"minecraft:polished_blackstone_brick_stairs":3,"minecraft:crimson_planks":49,"minecraft:stone_brick_stairs":7,"minecraft:stone_bricks":66,"minecraft:item_frame":1,"minecraft:bow":13,"ribbits:ribbit_merchant_spawn_egg":7,"minecraft:emerald_block":1,"minecraft:furnace":13,"minecraft:egg":5,"minecraft:cobbled_deepslate":42,"stoneworks:chiseled_diorite":2,"minecraft:golden_axe":16,"minecraft:mossy_stone_bricks":1,"ribbits:ribbit_fisherman_spawn_egg":7,"ribbits:ribbit_sorcerer_spawn_egg":7,"minecraft:blackstone":4,"ribbits:ribbit_nitwit_spawn_egg":7,"minecraft:diamond_axe":18,"winterly:cryomarble_sword":75,"minecraft:polished_blackstone_bricks":4,"minecraft:cracked_stone_bricks":1,"minecraft:glow_item_frame":6,"stoneworks:diorite_pillar":27,"minecraft:mossy_cobblestone":1,"minecraft:crafting_table":3,"minecraft:red_bed":1,"minecraft:crossbow":1,"minecraft:white_bed":3,"minecraft:dripstone_block":4,"minecraft:black_bed":2,"minecraft:oak_log":12,"minecraft:diamond_pickaxe":62,"minecraft:crying_obsidian":2,"stoneworks:diorite_brick_stairs":176,"minecraft:bread":130,"minecraft:iron_pickaxe":176,"torchbowmod:torchbow":150,"minecraft:cracked_nether_bricks":2,"minecraft:gravel":11,"friendsandfoes:waxed_lightning_rod":1,"minecraft:pink_petals":4,"enchantinginfuser:enchanting_infuser":1,"minecraft:cobblestone":13,"promenade:blunite":3,"promenade:sakura_door":2,"minecraft:andesite":5,"minecraft:oak_boat":1}},"DataVersion":3465}