{"stats":{"minecraft:crafted":{"minecraft:oak_planks":80,"the_bumblezone:honey_crystal_shield":3,"minecraft:diamond_helmet":1,"winterly:cryomarble":1,"minecraft:crafting_table":5,"minecraft:diamond_pickaxe":1,"minecraft:stick":4,"torchbowmod:torchbow":1,"minecraft:iron_ingot":4,"minecraft:bone_meal":39,"minecraft:flint_and_steel":2,"minecraft:diamond_boots":1,"weaponworks:diamond_greatsword":1,"minecraft:crimson_planks":40,"winterly:cryomarble_sword":1,"minecraft:air":0,"minecraft:oak_boat":2,"minecraft:diamond_chestplate":1},"minecraft:custom":{"lootr:looted_stat":160,"minecraft:interact_with_crafting_table":18,"minecraft:open_barrel":18,"goblintraders:trade_with_goblin":3,"minecraft:bell_ring":3,"minecraft:eat_cake_slice":2,"minecraft:leave_game":33,"minecraft:time_since_death":20287,"minecraft:sprint_one_cm":2696003,"minecraft:damage_blocked_by_shield":1328,"minecraft:drop":170,"minecraft:play_time":893006,"minecraft:deaths":31,"minecraft:jump":14248,"minecraft:interact_with_brewingstand":2,"minecraft:walk_on_water_one_cm":52151,"minecraft:enchant_item":16,"minecraft:interact_with_furnace":2,"minecraft:sleep_in_bed":3,"minecraft:open_enderchest":1,"minecraft:damage_dealt":26942,"minecraft:player_kills":11,"minecraft:crouch_one_cm":99547,"minecraft:interact_with_smoker":5,"minecraft:horse_one_cm":373240,"minecraft:interact_with_smithing_table":5,"minecraft:interact_with_anvil":1,"minecraft:mob_kills":164,"minecraft:climb_one_cm":39316,"minecraft:walk_one_cm":1598933,"minecraft:damage_dealt_absorbed":839,"minecraft:sneak_time":35372,"minecraft:walk_under_water_one_cm":86385,"minecraft:boat_one_cm":40,"the_bumblezone:bumble_bee_chestplate_fly_time":4,"minecraft:total_world_time":893006,"minecraft:interact_with_stonecutter":1,"minecraft:time_since_rest":20312,"minecraft:damage_taken":26259,"minecraft:damage_absorbed":1893,"minecraft:swim_one_cm":79285,"minecraft:fly_one_cm":5728587,"minecraft:open_chest":76,"minecraft:fall_one_cm":786131},"minecraft:killed":{"illagerinvasion:archivist":2,"minecraft:cave_spider":8,"minecraft:zombified_piglin":44,"minecraft:spider":6,"minecraft:skeleton":50,"enderzoology:infested_zombie":2,"minecraft:bee":14,"bosses_of_mass_destruction:gauntlet":2,"illagerinvasion:provoker":8,"minecraft:piglin_brute":10,"illagerinvasion:necromancer":2,"minecraft:magma_cube":16,"minecraft:piglin":14,"illagerinvasion:alchemist":2,"minecraft:pillager":2,"tinyskeletons:baby_skeleton":4,"minecraft:zombie":48,"mca:male_villager":2,"minecraft:cow":2,"minecraft:evoker":2,"minecraft:vex":4,"minecraft:vindicator":8,"illagerinvasion:marauder":2,"endermanoverhaul:soulsand_valley_enderman":2,"betternether:naga":4,"the_bumblezone:beehemoth":2,"bosses_of_mass_destruction:void_blossom":2,"endermanoverhaul:spirit":4,"minecraft:player":10},"minecraft:killed_by":{"minecraft:zombified_piglin":3,"minecraft:wither_skeleton":2,"minecraft:piglin_brute":2,"graveyard:skeleton_creeper":2,"minecraft:vindicator":2,"minecraft:player":4,"minecraft:iron_golem":1,"bosses_of_mass_destruction:void_blossom":7,"minecraft:bee":1,"minecraft:skeleton":2,"betternether:hydrogen_jellyfish":2},"minecraft:broken":{"minecraft:diamond_helmet":1,"minecraft:iron_boots":1,"the_bumblezone:honey_crystal_shield":1,"immersive_armors:heavy_helmet":1,"minecraft:iron_helmet":1},"minecraft:mined":{"winterly:raw_cryomarble_shard":4,"minecraft:obsidian":7,"minecraft:brewing_stand":2,"minecraft:grass_block":26,"minecraft:orange_candle":1,"minecraft:mud_bricks":12,"geode_plus:echo_crystal":4,"minecraft:spawner":4,"minecraft:polished_blackstone_bricks":1,"croptopia:cherry_crop":1,"minecraft:cobbled_deepslate":1,"minecraft:fire":9,"minecraft:anvil":1,"the_bumblezone:honeycomb_brood_block":2,"minecraft:enchanting_table":1,"the_bumblezone:empty_honeycomb_brood_block":1,"minecraft:pointed_dripstone":1,"minecraft:oak_sign":1,"minecraft:dirt_path":2,"amendments:wall_lantern":1,"minecraft:azalea":3,"minecraft:spruce_slab":1,"geode_plus:lapis_cluster":3,"minecraft:deepslate_redstone_ore":1,"betternether:eyeball":1,"minecraft:red_bed":2,"minecraft:blackstone":3,"handcrafted:stackable_book":2,"minecraft:soul_fire":1,"the_bumblezone:pile_of_pollen":3,"minecraft:torch":6,"minecraft:dark_oak_wood":1,"minecraft:chest":2,"croptopia:raspberry_crop":1,"minecraft:nether_quartz_ore":1,"minecraft:cobblestone":32,"minecraft:honeycomb_block":2,"minecraft:oak_planks":9,"bosses_of_mass_destruction:vine_wall":1,"minecraft:iron_door":1,"minecraft:wall_torch":10,"the_bumblezone:porous_honeycomb_block":2,"minecraft:skeleton_skull":1,"minecraft:pink_petals":5,"lootr:trophy":1,"minecraft:black_bed":1,"minecraft:stripped_oak_wood":2,"croptopia:chile_pepper_crop":1,"minecraft:grass":36,"minecraft:oak_log":1,"betternether:basalt_stalactite":1,"the_bumblezone:honey_cocoon":1,"minecraft:sand":3,"minecraft:dirt":14,"minecraft:netherrack":4,"minecraft:oak_leaves":15,"minecraft:deepslate":42,"minecraft:emerald_block":1,"minecraft:nether_gold_ore":3,"minecraft:tuff":7,"minecraft:mossy_cobblestone":1,"minecraft:dark_oak_leaves":1,"minecraft:deepslate_diamond_ore":3,"the_bumblezone:glistering_honey_crystal":2,"croptopia:persimmon_crop":2,"minecraft:nether_bricks":1,"minecraft:ladder":1,"minecraft:chiseled_bookshelf":3,"the_bumblezone:filled_porous_honeycomb_block":6,"minecraft:moss_block":7,"minecraft:cracked_nether_bricks":6,"minecraft:crimson_stem":12,"friendsandfoes:waxed_lightning_rod":1,"croptopia:barley_crop":3,"travelersbackpack:bat":1,"minecraft:packed_mud":5,"bosses_of_mass_destruction:void_blossom":5,"minecraft:andesite":4,"treechop:chopped_log":2,"minecraft:bookshelf":7,"minecraft:deepslate_iron_ore":4,"minecraft:lantern":2,"ironchest:iron_chest":2,"croptopia:elderberry_crop":1,"bosses_of_mass_destruction:gauntlet_blackstone":1,"the_bumblezone:honey_crystal":6,"betternether:nether_lapis_ore":1,"minecraft:stone":252,"minecraft:flowering_azalea":1,"promenade:blunite":10,"randomium:randomium_ore_deepslate":1,"minecraft:basalt":9,"geode_plus:large_lapis_bud":2,"croptopia:sweetpotato_crop":1,"minecraft:honey_block":8,"minecraft:oak_wood":21,"croptopia:lemon_crop":1,"minecraft:tall_grass":14,"minecraft:deepslate_gold_ore":1,"minecraft:polished_blackstone_brick_stairs":1,"minecraft:sculk":1,"minecraft:stripped_spruce_wood":3,"minecraft:birch_leaves":3,"minecraft:bee_nest":1,"orpheus:deepslate_tears_of_hades_ore":2,"minecraft:coal_ore":2,"minecraft:gravel":15,"enchantinginfuser:advanced_enchanting_infuser":1,"minecraft:cobweb":5,"minecraft:cracked_stone_bricks":2,"minecraft:stone_bricks":7,"minecraft:mossy_stone_bricks":2},"minecraft:dropped":{"minecraft:iron_sword":1,"minecraft:moss_block":6,"minecraft:diamond_axe":2,"betternether:blackstone_stalactite":1,"bettermcdonaldsmod:lettuce_seeds":3,"minecraft:glass_bottle":1,"minecraft:ender_pearl":3,"minecraft:diamond":2,"mca:bouquet":1,"minecraft:glow_berries":4,"minecraft:saddle":1,"the_bumblezone:honey_compass":1,"graveyard:corruption":1,"orpheus:orpheus_lyre":1,"minecraft:red_carpet":1,"minecraft:emerald":5,"minecraft:gold_block":1,"mca:potion_of_masculinity":1,"minecraft:cracked_polished_blackstone_bricks":1,"bettermcdonaldsmod:tomato_seeds":3,"randomium:randomium":1,"minecraft:stone_button":1,"croptopia:barley_seed":3,"minecraft:polished_blackstone_bricks":3,"the_bumblezone:honey_crystal_shards":46,"minecraft:glistering_melon_slice":2,"the_bumblezone:crystal_cannon":2,"minecraft:gold_ingot":5,"minecraft:bone":1,"minecraft:emerald_block":3,"hangglider:hang_glider":3,"minecraft:diamond_block":14,"minecraft:cobbled_deepslate":6,"minecraft:pointed_dripstone":2,"minecraft:rotten_flesh":1,"universal_graves:grave_compass":5,"minecraft:oak_planks":74,"the_bumblezone:honey_crystal_shield":3,"travelersbackpack:bat":1,"artifacts:chorus_totem":1,"travelersbackpack:iron":2,"mca:engagement_ring":1,"minecraft:skeleton_skull":2,"promenade:blunite":6,"minecraft:ladder":1,"minecraft:azalea":6,"mca:book_infection":1,"minecraft:basalt":1,"minecraft:iron_bars":5,"croptopia:barley":1,"wildlife:sparrow":1,"minecraft:iron_ingot":44,"minecraft:wheat_seeds":2,"croptopia:starfruit":1,"travelersbackpack:coal":1,"minecraft:mossy_cobblestone":1,"minecraft:diamond_leggings":3,"minecraft:golden_axe":1,"minecraft:cobblestone":257,"minecraft:iron_helmet":2,"croptopia:raspberry":1,"minecraft:granite":9,"winterly:cryomarble_sword":2,"minecraft:grass_block":1,"minecraft:golden_apple":10,"minecraft:orange_candle":1,"mca:wedding_ring":2,"minecraft:torch":3,"artifacts:obsidian_skull":1,"minecraft:diamond_helmet":1,"minecraft:crimson_sign":5,"minecraft:flowering_azalea":1,"the_bumblezone:honey_crystal":1,"minecraft:pink_petals":3,"minecraft:redstone":10,"weaponworks:diamond_greatsword":1,"minecraft:stone_sword":2,"bosses_of_mass_destruction:void_thorn":2,"the_bumblezone:carpenter_bee_boots_1":1,"minecraft:chicken":1,"croptopia:raspberry_seed":1,"minecraft:iron_boots":2,"winterly:cryomarble_shard":1,"croptopia:cherry":1,"croptopia:radish_seed":1,"the_bumblezone:bumble_bee_chestplate_2":1,"minecraft:diamond_sword":3,"minecraft:andesite":14,"promenade:blueberries":6,"bettermcdonaldsmod:happy_meal":1,"the_bumblezone:honey_bucket":16,"minecraft:spider_eye":2,"the_bumblezone:stingless_bee_helmet_1":1,"the_bumblezone:stinger_spear":2,"minecraft:bow":1,"minecraft:raw_gold":3,"the_bumblezone:honey_bee_leggings_1":1},"minecraft:picked_up":{"minecraft:wheat":2,"travelersbackpack:bat":2,"the_bumblezone:honey_crystal_shards":10,"minecraft:anvil":1,"croptopia:broccoli":1,"minecraft:diamond_sword":2,"minecraft:enchanted_book":22,"minecraft:potion":2,"minecraft:gilded_blackstone":3,"minecraft:brewing_stand":2,"enchantinginfuser:advanced_enchanting_infuser":1,"minecraft:polished_blackstone_brick_stairs":3,"minecraft:string":13,"universal_graves:grave_compass":2,"minecraft:oak_sign":1,"minecraft:diamond_leggings":2,"minecraft:gold_nugget":9,"minecraft:cobbled_deepslate":46,"minecraft:azalea":6,"minecraft:iron_pickaxe":1,"hangglider:hang_glider":2,"minecraft:crimson_sign":5,"minecraft:iron_boots":2,"mca:wedding_ring":1,"minecraft:tipped_arrow":24,"minecraft:stick":2,"croptopia:barley_seed":3,"minecraft:oak_fence":1,"minecraft:torch":21,"travelersbackpack:iron_tier_upgrade":1,"minecraft:golden_axe":5,"minecraft:pointed_dripstone":2,"minecraft:diorite":165,"the_bumblezone:bee_stinger":4,"betternether:lapis_pile":6,"travelersbackpack:iron":1,"minecraft:stone_sword":2,"minecraft:rotten_flesh":44,"artifacts:villager_hat":1,"croptopia:raspberry_seed":2,"weaponworks:diamond_greatsword":1,"croptopia:elderberry":1,"artifacts:panic_necklace":1,"minecraft:obsidian":10,"minecraft:cobblestone":558,"minecraft:birch_log":1,"minecraft:enchanting_table":1,"minecraft:pink_petals":19,"immersive_armors:heavy_helmet":1,"minecraft:cooked_beef":1,"minecraft:magma_cream":4,"minecraft:andesite":19,"minecraft:black_bed":2,"minecraft:flint":1,"minecraft:tuff":6,"minecraft:stripped_spruce_wood":3,"betternether:bowl_upgrade_smithing_template":2,"artifacts:pickaxe_heater":2,"minecraft:lapis_lazuli":33,"lootr:trophy":2,"minecraft:dirt":91,"minecraft:lantern":3,"mca:baby_girl":1,"minecraft:bone":56,"minecraft:bow":10,"minecraft:wheat_seeds":9,"minecraft:raw_gold":3,"bosses_of_mass_destruction:void_lily":1,"minecraft:mossy_stone_bricks":4,"promenade:blueberries":11,"minecraft:moss_block":6,"minecraft:honeycomb":6,"minecraft:oak_planks":147,"duckling:duck_egg":3,"stoneworks:mossy_cobbled_end_stone_stairs":1,"bosses_of_mass_destruction:crystal_fruit":2,"betternether:blackstone_stalactite":1,"minecraft:sand":3,"endermanoverhaul:soul_pearl":1,"minecraft:diamond_block":14,"winterly:cryomarble_shard":6,"minecraft:mossy_cobblestone":2,"croptopia:cherry":1,"handcrafted:stackable_book":5,"minecraft:diamond":9,"minecraft:soul_lantern":1,"minecraft:lever":1,"croptopia:radish_seed":1,"minecraft:cracked_polished_blackstone_bricks":1,"minecraft:crossbow":1,"minecraft:granite":9,"minecraft:bread":29,"minecraft:emerald":32,"minecraft:oak_sapling":6,"minecraft:netherrack":2,"minecraft:diamond_pickaxe":2,"the_bumblezone:porous_honeycomb_block":5,"minecraft:bee_nest":1,"artifacts:night_vision_goggles":1,"minecraft:splash_potion":3,"minecraft:chicken":1,"minecraft:ladder":1,"croptopia:sweetpotato_seed":1,"torchbowmod:torchbow":1,"minecraft:diamond_horse_armor":1,"promenade:blunite":9,"minecraft:shield":1,"minecraft:red_bed":1,"minecraft:iron_axe":1,"randomium:randomium":1,"minecraft:item_frame":1,"the_bumblezone:empty_honeycomb_brood_block":1,"minecraft:blackstone":4,"graveyard:corruption":1,"minecraft:cracked_stone_bricks":3,"minecraft:echo_shard":12,"minecraft:andesite_stairs":1,"orpheus:deepslate_tears_of_hades_ore":3,"lookinsharp:withering_artifact":2,"minecraft:iron_nugget":9,"minecraft:spruce_slab":1,"minecraft:chest":2,"minecraft:birch_sapling":1,"minecraft:egg":7,"minecraft:raw_iron":2,"artifacts:charm_of_sinking":1,"minecraft:glow_item_frame":5,"ironchest:iron_chest":2,"minecraft:polished_blackstone_bricks":7,"bosses_of_mass_destruction:void_thorn":2,"minecraft:stone_button":1,"minecraft:carrot":4,"minecraft:redstone":25,"minecraft:arrow":85,"friendsandfoes:waxed_lightning_rod":1,"minecraft:diamond_boots":1,"bosses_of_mass_destruction:blazing_eye":1,"minecraft:warped_sign":1,"minecraft:saddle":1,"minecraft:gold_ingot":28,"minecraft:totem_of_undying":1,"minecraft:glow_berries":4,"minecraft:skeleton_skull":3,"orpheus:tears_of_hades":10,"betternether:basalt_stalactite":6,"minecraft:mud_bricks":12,"minecraft:basalt":11,"minecraft:crimson_stem":10,"minecraft:leather":2,"minecraft:red_mushroom":4,"artifacts:anglers_hat":1,"the_bumblezone:honey_bucket":4,"minecraft:packed_mud":4,"minecraft:oak_log":37,"minecraft:ancient_debris":3,"artifacts:cloud_in_a_bottle":1,"minecraft:gunpowder":5,"minecraft:paper":1,"minecraft:red_carpet":3,"croptopia:barley":3,"minecraft:stone_bricks":6,"minecraft:iron_ingot":107,"croptopia:raspberry":2,"bettermcdonaldsmod:tomato_seeds":5,"minecraft:stripped_oak_wood":2,"minecraft:glass_bottle":4,"croptopia:elderberry_seed":2,"orpheus:orpheus_lyre":1,"minecraft:polished_andesite_slab":1,"minecraft:flowering_azalea":1,"minecraft:book":22,"artifacts:obsidian_skull":1,"winterly:cryomarble_sword":2,"minecraft:emerald_block":5,"croptopia:starfruit":1,"minecraft:cracked_nether_bricks":2,"minecraft:dripstone_block":4,"mca:divorce_papers":1,"minecraft:gravel":11,"wildlife:sparrow":2,"minecraft:orange_candle":1,"the_bumblezone:honey_cocoon":1,"minecraft:crying_obsidian":4,"minecraft:spider_eye":2,"the_bumblezone:filled_porous_honeycomb_block":1,"minecraft:oak_wood":17,"croptopia:oat_seed":2,"minecraft:honey_block":9,"minecraft:iron_helmet":2,"croptopia:orange":4,"bettermcdonaldsmod:lettuce_seeds":4,"the_bumblezone:pollen_puff":3,"minecraft:diamond_axe":1,"mca:book_infection":4,"minecraft:dark_oak_wood":1,"minecraft:coal":6},"minecraft:used":{"minecraft:iron_shovel":39,"stoneworks:diorite_bricks":66,"minecraft:chest":19,"minecraft:stone":112,"minecraft:iron_sword":101,"lootr:trophy":2,"minecraft:warped_sign":1,"weaponworks:diamond_greatsword":263,"the_bumblezone:beehemoth_spawn_egg":2,"handcrafted:stackable_book":5,"ironchest:iron_chest":10,"travelersbackpack:iron":1,"minecraft:tuff":6,"minecraft:obsidian":105,"enchantinginfuser:advanced_enchanting_infuser":5,"minecraft:glass":5,"minecraft:honey_block":9,"minecraft:lantern":6,"minecraft:grass_block":113,"wildlife:lark":1,"minecraft:packed_mud":1,"stoneworks:diorite_brick_slab":104,"minecraft:dark_oak_wood":1,"minecraft:stone_bricks":68,"minecraft:stone_brick_stairs":7,"minecraft:item_frame":1,"minecraft:bow":114,"ribbits:ribbit_merchant_spawn_egg":7,"minecraft:furnace":13,"minecraft:skeleton_skull":1,"minecraft:egg":6,"stoneworks:chiseled_diorite":2,"minecraft:mossy_stone_bricks":1,"minecraft:oak_planks":125,"minecraft:blackstone":4,"minecraft:ender_pearl":1,"minecraft:diamond_axe":79,"winterly:cryomarble_sword":143,"minecraft:golden_apple":58,"stoneworks:diorite_pillar":27,"minecraft:sand":3,"the_bumblezone:filled_porous_honeycomb_block":1,"minecraft:crossbow":1,"minecraft:dripstone_block":4,"minecraft:black_bed":2,"croptopia:orange":1,"minecraft:lever":1,"minecraft:crying_obsidian":2,"stoneworks:diorite_brick_stairs":176,"minecraft:bread":200,"hybrid-aquatic:cowfish_spawn_egg":1,"minecraft:gravel":11,"friendsandfoes:waxed_lightning_rod":1,"minecraft:diamond_sword":1,"promenade:blunite":3,"promenade:sakura_door":2,"the_bumblezone:bee_queen_spawn_egg":1,"minecraft:smithing_table":1,"minecraft:andesite":5,"minecraft:oak_boat":2,"minecraft:oak_fence":1,"the_bumblezone:sugar_water_bucket":2,"minecraft:flint_and_steel":10,"bosses_of_mass_destruction:void_lily":2,"travelersbackpack:bat":1,"minecraft:netherrack":9,"minecraft:torch":144,"the_bumblezone:honey_crystal_shield":5,"minecraft:dirt":83,"minecraft:spyglass":10,"minecraft:anvil":1,"ribbits:ribbit_gardener_spawn_egg":7,"the_bumblezone:porous_honeycomb_block":4,"minecraft:bee_nest":3,"promenade:blueberries":5,"minecraft:polished_blackstone_brick_stairs":3,"minecraft:crimson_planks":49,"the_bumblezone:honey_bucket":16,"minecraft:basalt":10,"minecraft:emerald_block":1,"duckling:duck_egg":3,"minecraft:cobbled_deepslate":44,"the_bumblezone:crystal_cannon":1,"mca:staff_of_life":1,"minecraft:golden_axe":16,"minecraft:water_bucket":2,"ribbits:ribbit_fisherman_spawn_egg":7,"ribbits:ribbit_sorcerer_spawn_egg":7,"ribbits:ribbit_nitwit_spawn_egg":7,"minecraft:polished_blackstone_bricks":4,"minecraft:cracked_stone_bricks":1,"minecraft:glow_item_frame":7,"minecraft:mossy_cobblestone":1,"the_bumblezone:pollen_puff":9,"minecraft:crafting_table":6,"minecraft:red_bed":1,"minecraft:white_bed":3,"minecraft:oak_log":12,"minecraft:diamond_pickaxe":370,"minecraft:iron_pickaxe":176,"torchbowmod:torchbow":150,"minecraft:cracked_nether_bricks":2,"minecraft:pink_petals":4,"enchantinginfuser:enchanting_infuser":1,"minecraft:cobblestone":159,"minecraft:potion":1,"minecraft:bucket":5}},"DataVersion":3465}