{"stats":{"minecraft:custom":{"lootr:looted_stat":12,"minecraft:mob_kills":3,"minecraft:leave_game":3,"minecraft:time_since_death":13371,"minecraft:climb_one_cm":3168,"minecraft:time_since_rest":13396,"minecraft:sprint_one_cm":264372,"minecraft:damage_taken":3125,"minecraft:walk_one_cm":129722,"minecraft:drop":8,"minecraft:damage_dealt":985,"minecraft:swim_one_cm":10658,"minecraft:fly_one_cm":216586,"minecraft:play_time":72236,"minecraft:crouch_one_cm":8424,"minecraft:deaths":4,"minecraft:sneak_time":2701,"minecraft:walk_under_water_one_cm":6541,"minecraft:jump":1248,"minecraft:walk_on_water_one_cm":1423,"minecraft:total_world_time":72236,"minecraft:fall_one_cm":41487},"minecraft:killed":{"minecraft:vindicator":2,"minecraft:skeleton":2},"minecraft:killed_by":{"minecraft:vindicator":2,"minecraft:player":1,"graveyard:skeleton_creeper":1},"minecraft:mined":{"promenade:blunite":10,"minecraft:deepslate_diamond_ore":1,"geode_plus:large_lapis_bud":2,"croptopia:sweetpotato_crop":1,"minecraft:ladder":1,"minecraft:dark_oak_wood":1,"minecraft:grass_block":3,"minecraft:tall_grass":2,"minecraft:wall_torch":1,"friendsandfoes:waxed_lightning_rod":1,"minecraft:pink_petals":5,"travelersbackpack:bat":1,"minecraft:andesite":3,"croptopia:chile_pepper_crop":1,"minecraft:grass":3,"minecraft:pointed_dripstone":1,"minecraft:gravel":14,"minecraft:dirt":8,"minecraft:stone":4,"minecraft:deepslate":4,"geode_plus:lapis_cluster":3},"minecraft:dropped":{"minecraft:iron_sword":1,"minecraft:wheat_seeds":1,"minecraft:cobbled_deepslate":1,"minecraft:pointed_dripstone":2,"minecraft:iron_helmet":1,"universal_graves:grave_compass":1,"travelersbackpack:bat":1,"minecraft:pink_petals":3},"minecraft:picked_up":{"minecraft:pink_petals":19,"travelersbackpack:bat":2,"minecraft:ladder":1,"minecraft:andesite":5,"croptopia:sweetpotato_seed":1,"minecraft:flint":1,"promenade:blunite":9,"minecraft:lapis_lazuli":9,"minecraft:dirt":25,"universal_graves:grave_compass":1,"minecraft:wheat_seeds":2,"minecraft:cobbled_deepslate":3,"bettermcdonaldsmod:tomato_seeds":2,"minecraft:egg":1,"minecraft:raw_iron":2,"artifacts:charm_of_sinking":1,"minecraft:torch":2,"minecraft:dripstone_block":4,"minecraft:gravel":11,"minecraft:pointed_dripstone":2,"minecraft:arrow":2,"friendsandfoes:waxed_lightning_rod":1,"minecraft:diamond":1,"minecraft:dark_oak_wood":1,"minecraft:cobblestone":4},"minecraft:used":{"minecraft:iron_shovel":17,"minecraft:iron_sword":26,"travelersbackpack:bat":1,"minecraft:torch":3,"minecraft:dirt":53,"minecraft:dripstone_block":4,"minecraft:bread":23,"minecraft:iron_pickaxe":31,"minecraft:dark_oak_wood":1,"minecraft:gravel":11,"friendsandfoes:waxed_lightning_rod":1,"minecraft:pink_petals":4,"minecraft:cobblestone":4,"minecraft:bow":3,"promenade:blunite":3,"minecraft:egg":1,"minecraft:cobbled_deepslate":2}},"DataVersion":3465}