{"stats":{"minecraft:custom":{"minecraft:jump":59,"minecraft:time_since_rest":12349,"minecraft:leave_game":1,"lootr:looted_stat":1,"minecraft:sprint_one_cm":12925,"minecraft:play_time":12349,"minecraft:damage_taken":10,"minecraft:time_since_death":12349,"minecraft:walk_one_cm":26461,"minecraft:total_world_time":12349,"minecraft:fall_one_cm":3230,"minecraft:fly_one_cm":9582},"minecraft:picked_up":{"minecraft:iron_ingot":32,"minecraft:egg":1},"minecraft:used":{"minecraft:egg":1}},"DataVersion":3465}