{"stats":{"minecraft:crafted":{"minecraft:oak_planks":8,"minecraft:iron_boots":1,"minecraft:crafting_table":1,"minecraft:iron_helmet":1,"minecraft:iron_block":1,"minecraft:iron_leggings":1},"minecraft:custom":{"minecraft:time_since_rest":15265,"lootr:looted_stat":12,"minecraft:sprint_one_cm":63916,"minecraft:damage_taken":1437,"minecraft:walk_one_cm":155939,"minecraft:mob_kills":3,"minecraft:drop":5,"minecraft:damage_dealt":1558,"minecraft:interact_with_crafting_table":5,"minecraft:fly_one_cm":65592,"minecraft:open_barrel":2,"minecraft:open_chest":1,"minecraft:crouch_one_cm":521,"minecraft:play_time":53747,"minecraft:deaths":2,"minecraft:sneak_time":573,"minecraft:jump":438,"minecraft:leave_game":5,"minecraft:time_since_death":15201,"minecraft:walk_on_water_one_cm":331,"minecraft:total_world_time":53747,"minecraft:fall_one_cm":14492},"minecraft:killed":{"minecraft:pig":2,"mca:male_villager":2,"minecraft:iron_golem":2},"minecraft:killed_by":{"minecraft:player":1,"mca:female_villager":1},"minecraft:mined":{"minecraft:skeleton_skull":1,"croptopia:sweetpotato_crop":2,"minecraft:grass":1,"minecraft:oak_log":3,"minecraft:white_stained_glass_pane":2},"minecraft:dropped":{"minecraft:wheat_seeds":1,"minecraft:stone_shovel":1,"croptopia:sweetpotato_seed":2,"universal_graves:grave_compass":1},"minecraft:picked_up":{"croptopia:sweetpotato_seed":2,"minecraft:oak_log":3,"minecraft:gunpowder":2,"minecraft:stone_shovel":1,"minecraft:rotten_flesh":2,"croptopia:sweetpotato":2,"minecraft:wheat_seeds":1,"minecraft:iron_ingot":37,"minecraft:iron_block":1,"lookinsharp:battering_artifact":1,"minecraft:poppy":2,"minecraft:iron_sword":1,"minecraft:skeleton_skull":1,"minecraft:phantom_membrane":2,"minecraft:egg":1},"minecraft:used":{"minecraft:oak_log":1,"minecraft:iron_block":1,"minecraft:bread":1,"minecraft:ender_pearl":1,"minecraft:iron_helmet":1,"minecraft:iron_sword":36,"minecraft:iron_boots":1,"minecraft:rotten_flesh":2,"minecraft:iron_chestplate":1,"minecraft:crafting_table":1,"minecraft:egg":1,"minecraft:potato":7,"minecraft:iron_leggings":1}},"DataVersion":3465}