{"stats":{"minecraft:custom":{"minecraft:open_barrel":1,"minecraft:time_since_rest":26097,"minecraft:crouch_one_cm":97,"minecraft:play_time":26097,"lootr:looted_stat":4,"minecraft:sprint_one_cm":32331,"minecraft:damage_taken":491,"minecraft:walk_one_cm":63198,"minecraft:sneak_time":50,"minecraft:drop":3,"minecraft:jump":156,"minecraft:damage_dealt":7,"minecraft:leave_game":2,"minecraft:time_since_death":26097,"minecraft:total_world_time":26097,"minecraft:fall_one_cm":5978,"minecraft:fly_one_cm":28327},"minecraft:mined":{"minecraft:grass":1,"minecraft:oak_log":1,"croptopia:sweetpotato_crop":2},"minecraft:dropped":{"minecraft:wheat_seeds":1,"croptopia:sweetpotato_seed":2},"minecraft:picked_up":{"minecraft:rotten_flesh":2,"croptopia:sweetpotato":2,"minecraft:wheat_seeds":1,"croptopia:sweetpotato_seed":2,"minecraft:iron_ingot":32,"minecraft:oak_log":1,"minecraft:iron_sword":1,"minecraft:egg":1},"minecraft:used":{"minecraft:oak_log":1,"minecraft:bread":1,"minecraft:egg":1,"minecraft:potato":7}},"DataVersion":3465}