{"stats":{"minecraft:crafted":{"artifacts:eternal_steak":1,"minecraft:oak_planks":104,"minecraft:diamond_sword":1,"minecraft:emerald":4,"minecraft:experience_bottle":2,"minecraft:wooden_pickaxe":1,"minecraft:bucket":2,"minecraft:stone_axe":1,"minecraft:bread":6,"minecraft:air":0,"minecraft:diamond_leggings":1,"minecraft:iron_chestplate":1,"minecraft:iron_boots":1,"minecraft:diamond_pickaxe":1,"minecraft:shield":1,"minecraft:stick":56,"minecraft:iron_ingot":44,"minecraft:iron_pickaxe":1,"minecraft:stone_pickaxe":1,"minecraft:iron_leggings":1,"minecraft:torch":66,"minecraft:diamond_chestplate":1},"minecraft:custom":{"lootr:looted_stat":31,"minecraft:interact_with_furnace":16,"minecraft:mob_kills":9,"minecraft:interact_with_crafting_table":20,"goblintraders:trade_with_goblin":11,"minecraft:leave_game":4,"minecraft:time_since_death":715,"minecraft:time_since_rest":745,"minecraft:sprint_one_cm":242615,"minecraft:damage_taken":3013,"minecraft:walk_one_cm":418755,"minecraft:damage_blocked_by_shield":15,"minecraft:drop":20,"minecraft:damage_dealt":1806,"minecraft:fly_one_cm":106108,"minecraft:open_chest":2,"minecraft:crouch_one_cm":3239,"minecraft:play_time":111184,"minecraft:deaths":3,"minecraft:sneak_time":1193,"minecraft:walk_under_water_one_cm":4416,"minecraft:jump":2643,"minecraft:walk_on_water_one_cm":1445,"minecraft:total_world_time":111184,"minecraft:interact_with_smoker":2,"minecraft:fall_one_cm":27787},"minecraft:killed":{"enderzoology:fallen_knight":2,"guardvillagers:guard":2,"minecraft:cave_spider":12,"minecraft:cow":2},"minecraft:killed_by":{"bosses_of_mass_destruction:void_blossom":3},"minecraft:mined":{"minecraft:deepslate_redstone_ore":8,"minecraft:deepslate_diamond_ore":15,"croptopia:sweetpotato_crop":4,"minecraft:crafting_table":1,"minecraft:torch":1,"minecraft:granite":5,"croptopia:oat_crop":1,"minecraft:grass_block":3,"minecraft:furnace":1,"minecraft:iron_ore":35,"minecraft:andesite":13,"minecraft:grass":8,"minecraft:oak_log":24,"minecraft:coal_ore":55,"minecraft:deepslate_iron_ore":2,"minecraft:gravel":4,"minecraft:dripstone_block":1,"minecraft:dirt":4,"minecraft:stripped_oak_log":2,"minecraft:stone":53,"minecraft:mossy_stone_bricks":1,"minecraft:deepslate":2},"minecraft:dropped":{"minecraft:bread":29,"minecraft:iron_ingot":15,"minecraft:iron_sword":1,"minecraft:moss_carpet":1,"minecraft:stone_axe":1,"minecraft:wheat_seeds":1,"bettermcdonaldsmod:lettuce_seeds":1,"minecraft:diamond":13,"orpheus:cow_gut":1,"croptopia:sweetpotato":7,"minecraft:stick":36,"bettermcdonaldsmod:tomato_seeds":1,"croptopia:sweetpotato_seed":5,"minecraft:iron_leggings":1,"minecraft:wooden_pickaxe":1,"minecraft:redstone":5,"minecraft:bone":2},"minecraft:picked_up":{"minecraft:stripped_oak_log":4,"minecraft:crafting_table":1,"minecraft:andesite":11,"minecraft:leather":1,"croptopia:sweetpotato_seed":5,"minecraft:oak_log":23,"artifacts:cloud_in_a_bottle":1,"minecraft:dirt":6,"minecraft:moss_carpet":1,"minecraft:bone":2,"croptopia:sweetpotato":7,"minecraft:wheat_seeds":1,"minecraft:cobbled_deepslate":2,"minecraft:beef":3,"bettermcdonaldsmod:tomato_seeds":1,"minecraft:iron_sword":1,"minecraft:egg":1,"minecraft:furnace":1,"minecraft:stick":36,"minecraft:raw_iron":39,"minecraft:torch":1,"minecraft:dripstone_block":1,"minecraft:gravel":3,"minecraft:redstone":5,"minecraft:diamond":28,"bettermcdonaldsmod:lettuce_seeds":1,"minecraft:iron_helmet":1,"minecraft:granite":5,"orpheus:cow_gut":1,"minecraft:coal":55,"minecraft:cobblestone":55},"minecraft:used":{"minecraft:water_bucket":8,"minecraft:stone_pickaxe":107,"minecraft:oak_planks":9,"minecraft:shield":1,"minecraft:wooden_pickaxe":3,"artifacts:eternal_steak":14,"minecraft:iron_sword":103,"minecraft:torch":75,"minecraft:dirt":5,"minecraft:crafting_table":1,"minecraft:granite":5,"minecraft:lava_bucket":7,"minecraft:bread":4,"minecraft:iron_pickaxe":88,"minecraft:stone_axe":28,"artifacts:everlasting_beef":1,"minecraft:cobblestone":5,"croptopia:peach":11,"minecraft:furnace":1,"minecraft:bucket":17,"minecraft:andesite":5,"minecraft:egg":1,"minecraft:stripped_oak_log":1,"minecraft:cobbled_deepslate":2,"minecraft:experience_bottle":2}},"DataVersion":3465}