{"stats":{"minecraft:crafted":{"minecraft:oak_planks":380,"minecraft:diamond_helmet":1,"minecraft:diamond_leggings":1,"minecraft:iron_boots":1,"minecraft:emerald":44,"minecraft:crafting_table":3,"minecraft:iron_helmet":1,"minecraft:wooden_pickaxe":1,"minecraft:gold_block":12,"minecraft:iron_chestplate":1,"minecraft:diamond_pickaxe":1,"minecraft:emerald_block":1,"minecraft:shield":1,"minecraft:stick":112,"minecraft:iron_ingot":131,"minecraft:iron_pickaxe":4,"minecraft:iron_block":3,"minecraft:gold_ingot":87,"artifacts:eternal_steak":1,"minecraft:raw_iron":36,"minecraft:coal":9,"minecraft:experience_bottle":2,"minecraft:iron_axe":2,"minecraft:stone_pickaxe":1,"minecraft:diamond_boots":1,"minecraft:dark_oak_planks":16,"mca:whistle":1,"minecraft:wheat":72,"minecraft:diamond_sword":1,"minecraft:bucket":2,"minecraft:stone_axe":1,"minecraft:bread":30,"minecraft:air":0,"basicshields:diamond_shield":1,"minecraft:iron_leggings":2,"minecraft:torch":332,"minecraft:diamond_chestplate":1},"minecraft:custom":{"lootr:looted_stat":110,"minecraft:interact_with_crafting_table":57,"minecraft:open_barrel":5,"goblintraders:trade_with_goblin":65,"minecraft:leave_game":11,"minecraft:time_since_death":33146,"minecraft:sprint_one_cm":1243379,"minecraft:damage_blocked_by_shield":2835,"minecraft:drop":183,"minecraft:talked_to_villager":1,"minecraft:play_time":550266,"minecraft:deaths":22,"minecraft:jump":7048,"minecraft:interact_with_brewingstand":2,"minecraft:walk_on_water_one_cm":60792,"minecraft:interact_with_furnace":17,"minecraft:sleep_in_bed":3,"minecraft:open_enderchest":5,"minecraft:damage_dealt":14454,"minecraft:player_kills":1,"minecraft:crouch_one_cm":30038,"minecraft:interact_with_smoker":2,"minecraft:horse_one_cm":251089,"minecraft:mob_kills":73,"minecraft:damage_dealt_resisted":132,"minecraft:climb_one_cm":18534,"minecraft:walk_one_cm":1533910,"minecraft:sneak_time":13174,"minecraft:walk_under_water_one_cm":40329,"the_bumblezone:bumble_bee_chestplate_fly_time":291,"minecraft:interact_with_blast_furnace":2,"minecraft:total_world_time":550266,"minecraft:tune_noteblock":15,"minecraft:time_since_rest":33168,"minecraft:damage_taken":14099,"minecraft:swim_one_cm":57629,"minecraft:fly_one_cm":660801,"minecraft:open_chest":37,"minecraft:fall_one_cm":120694},"minecraft:killed":{"guardvillagers:guard":2,"minecraft:cave_spider":18,"minecraft:spider":10,"minecraft:skeleton":22,"minecraft:chicken":2,"artifacts:mimic":4,"enderzoology:fallen_knight":6,"minecraft:pig":6,"minecraft:pillager":2,"tinyskeletons:baby_skeleton":2,"minecraft:zombie":54,"minecraft:cow":2,"minecraft:vindicator":12,"graveyard:ghoul":2,"minecraft:wither_skeleton":2,"minecraft:player":2},"minecraft:killed_by":{"minecraft:creeper":1,"minecraft:vindicator":2,"enderzoology:fallen_knight":1,"bosses_of_mass_destruction:void_blossom":16},"minecraft:broken":{"minecraft:shield":1,"minecraft:iron_pickaxe":1},"minecraft:mined":{"winterly:raw_cryomarble_shard":4,"croptopia:greenbean_crop":1,"geode_plus:medium_diamond_bud":8,"croptopia:strawberry_crop":1,"minecraft:brewing_stand":1,"minecraft:obsidian":4,"minecraft:granite":5,"minecraft:dead_tube_coral_block":1,"minecraft:grass_block":4,"randomium:randomium_ore":4,"minecraft:coal_block":1,"travelersbackpack:iron":1,"minecraft:spawner":1,"minecraft:raw_iron_block":4,"minecraft:cobbled_deepslate":2,"minecraft:iron_ore":98,"minecraft:deepslate_lapis_ore":14,"minecraft:enchanting_table":1,"chococraft:gysahl_green":1,"minecraft:player_head":1,"minecraft:spruce_slab":1,"geode_plus:lapis_cluster":13,"minecraft:deepslate_redstone_ore":72,"minecraft:red_bed":1,"minecraft:torch":3,"croptopia:oat_crop":1,"minecraft:wither_skeleton_wall_skull":1,"minecraft:cobblestone":7,"minecraft:oak_planks":4,"minecraft:wall_torch":2,"geode_plus:diamond_crystal":29,"minecraft:wheat":1,"minecraft:black_bed":1,"croptopia:apricot_crop":5,"minecraft:stone_brick_stairs":1,"minecraft:grass":22,"minecraft:oak_log":25,"minecraft:dirt":4,"minecraft:oak_leaves":10,"minecraft:deepslate":95,"minecraft:tuff":1,"croptopia:orange_crop":1,"minecraft:mossy_cobblestone":3,"minecraft:deepslate_diamond_ore":43,"minecraft:chiseled_bookshelf":2,"minecraft:glow_lichen":1,"minecraft:decorated_pot":4,"geode_plus:budding_echo":1,"minecraft:large_fern":1,"minecraft:hay_block":8,"minecraft:furnace":1,"minecraft:andesite":13,"treechop:chopped_log":14,"minecraft:gold_block":8,"minecraft:bookshelf":7,"minecraft:cobblestone_slab":1,"minecraft:deepslate_iron_ore":60,"minecraft:stripped_oak_log":2,"croptopia:elderberry_crop":1,"minecraft:stone":190,"minecraft:ender_chest":1,"randomium:randomium_ore_deepslate":1,"minecraft:dandelion":1,"croptopia:sweetpotato_crop":6,"minecraft:oak_fence":2,"minecraft:crafting_table":16,"minecraft:andesite_slab":1,"minecraft:tall_grass":4,"minecraft:deepslate_gold_ore":61,"croptopia:tomato_crop":1,"orpheus:deepslate_tears_of_hades_ore":6,"minecraft:coal_ore":95,"croptopia:radish_crop":1,"minecraft:gravel":4,"minecraft:dripstone_block":1,"minecraft:cobweb":9,"geode_plus:large_diamond_bud":19,"minecraft:stone_bricks":1,"minecraft:chipped_anvil":1,"minecraft:mossy_stone_bricks":1,"minecraft:gold_ore":4},"minecraft:dropped":{"minecraft:spruce_sign":36,"minecraft:iron_sword":1,"minecraft:birch_planks":12,"bettermcdonaldsmod:lettuce_seeds":1,"minecraft:diamond":25,"minecraft:crafting_table":2,"minecraft:decorated_pot":1,"croptopia:cauliflower":2,"minecraft:lantern":9,"artifacts:cloud_in_a_bottle":1,"artifacts:anglers_hat":1,"graveyard:corruption":2,"minecraft:emerald":48,"minecraft:dirt":2,"bettermcdonaldsmod:tomato_seeds":6,"minecraft:red_bed":2,"minecraft:dark_oak_fence":3,"croptopia:sweetpotato_seed":6,"minecraft:gold_nugget":5,"minecraft:phantom_membrane":1,"minecraft:iron_pickaxe":3,"minecraft:dark_oak_planks":27,"minecraft:white_wool":92,"minecraft:gold_ingot":2,"minecraft:bone":27,"minecraft:stone_axe":1,"minecraft:cobbled_deepslate":2,"minecraft:yellow_wool":3,"minecraft:pointed_dripstone":1,"orpheus:cow_gut":1,"minecraft:rotten_flesh":20,"universal_graves:grave_compass":10,"minecraft:carrot":8,"minecraft:tipped_arrow":15,"friendsandfoes:waxed_weathered_lightning_rod":1,"artifacts:panic_necklace":1,"mca:book_infection":1,"minecraft:arrow":2,"minecraft:stone_brick_stairs":2,"minecraft:egg":1,"minecraft:enchanted_book":9,"minecraft:bread":29,"minecraft:iron_ingot":15,"minecraft:wheat_seeds":5,"orpheus:mythos_block":2,"minecraft:dripstone_block":7,"minecraft:oak_fence":2,"minecraft:iron_helmet":1,"minecraft:cobblestone":54,"croptopia:sweetpotato":9,"winterly:cryomarble_sword":1,"minecraft:stick":42,"croptopia:greenbean":1,"minecraft:iron_leggings":1,"minecraft:iron_axe":3,"minecraft:string":7,"minecraft:pink_petals":2,"minecraft:redstone":13,"minecraft:moss_carpet":1,"minecraft:tuff":1,"minecraft:raw_iron":3,"minecraft:chicken":1,"winterly:cryomarble_shard":4,"minecraft:filled_map":2,"minecraft:diamond_sword":2,"minecraft:shield":2,"minecraft:iron_chestplate":1,"artifacts:pickaxe_heater":1,"minecraft:spider_eye":5,"minecraft:stone_bricks":1,"minecraft:bow":1,"orpheus:stoic_meditative_stone":1,"minecraft:wooden_pickaxe":1,"chococraft:gysahl_green":2},"minecraft:picked_up":{"basicshields:wooden_shield":1,"minecraft:iron_chestplate":1,"minecraft:yellow_wool":3,"minecraft:diamond_sword":2,"minecraft:enchanted_book":17,"minecraft:stone_brick_stairs":2,"minecraft:brewing_stand":1,"minecraft:string":18,"minecraft:dead_tube_coral_block":1,"universal_graves:grave_compass":5,"mca:engagement_ring":1,"minecraft:cobbled_deepslate":96,"minecraft:iron_pickaxe":1,"minecraft:coal_block":1,"minecraft:furnace":1,"mca:wedding_ring":1,"minecraft:tipped_arrow":15,"minecraft:stick":37,"minecraft:oak_fence":2,"minecraft:torch":8,"minecraft:porkchop":3,"minecraft:pointed_dripstone":1,"travelersbackpack:iron":2,"minecraft:rotten_flesh":19,"orpheus:cow_gut":1,"artifacts:panic_necklace":1,"minecraft:obsidian":12,"betternether:cincinnasite_bars":1,"minecraft:cobblestone":195,"croptopia:cauliflower":2,"minecraft:enchanting_table":1,"minecraft:pink_petals":2,"minecraft:feather":2,"minecraft:andesite":11,"minecraft:black_bed":1,"minecraft:tuff":1,"minecraft:wither_skeleton_skull":2,"lootr:trophy":1,"minecraft:dirt":8,"minecraft:lapis_lazuli":110,"friendsandfoes:waxed_weathered_lightning_rod":1,"minecraft:lantern":9,"the_bumblezone:bumble_bee_chestplate_trans_2":1,"orpheus:mythos_block":2,"minecraft:bone":31,"minecraft:chipped_anvil":1,"croptopia:sweetpotato":9,"minecraft:wheat_seeds":6,"minecraft:raw_gold":68,"minecraft:oak_planks":4,"winterly:cryomarble_shard":6,"minecraft:diamond":112,"minecraft:granite":5,"minecraft:spruce_sign":36,"minecraft:emerald":11,"minecraft:oak_sapling":63,"minecraft:dark_oak_fence":3,"mca:bouquet":1,"minecraft:crafting_table":19,"minecraft:chicken":1,"croptopia:sweetpotato_seed":6,"minecraft:gold_block":9,"minecraft:shield":2,"minecraft:red_bed":3,"minecraft:moss_carpet":1,"minecraft:iron_axe":2,"mca:potion_of_masculinity":1,"graveyard:corruption":2,"minecraft:beef":3,"minecraft:player_head":1,"minecraft:phantom_membrane":1,"minecraft:egg":3,"minecraft:raw_iron":161,"minecraft:redstone":13,"minecraft:carrot":4,"croptopia:strawberry":1,"minecraft:dark_oak_planks":27,"geode_plus:budding_echo":1,"minecraft:arrow":14,"minecraft:decorated_pot":1,"minecraft:hay_block":8,"minecraft:gold_ingot":7,"minecraft:rail":2,"minecraft:white_wool":150,"orpheus:tears_of_hades":6,"minecraft:stripped_oak_log":4,"minecraft:leather":1,"minecraft:filled_map":1,"artifacts:anglers_hat":1,"minecraft:birch_planks":24,"minecraft:oak_log":133,"artifacts:cloud_in_a_bottle":1,"chococraft:gysahl_green":2,"immersive_armors:heavy_chestplate":1,"minecraft:apple":6,"minecraft:stone_bricks":1,"minecraft:iron_ingot":7,"bettermcdonaldsmod:tomato_seeds":6,"minecraft:iron_sword":1,"minecraft:book":21,"minecraft:smooth_basalt":2,"winterly:cryomarble_sword":1,"minecraft:emerald_block":3,"croptopia:apricot":5,"minecraft:raw_iron_block":4,"minecraft:dripstone_block":8,"minecraft:gravel":3,"wildlife:sparrow":1,"chococraft:gysahl_green_seeds":1,"minecraft:spider_eye":5,"croptopia:orange":1,"minecraft:iron_helmet":1,"bettermcdonaldsmod:lettuce_seeds":1,"croptopia:greenbean":1,"minecraft:coal":95},"minecraft:used":{"geode_plus:budding_echo":1,"minecraft:shield":48,"minecraft:iron_sword":103,"minecraft:player_head":1,"minecraft:iron_chestplate":1,"travelersbackpack:iron":6,"minecraft:lava_bucket":13,"minecraft:iron_helmet":1,"betternether:cincinnasite_bars":1,"croptopia:peach":11,"minecraft:bow":4,"minecraft:oak_sapling":53,"minecraft:furnace":1,"minecraft:egg":2,"minecraft:diamond_boots":2,"minecraft:stone_pickaxe":107,"minecraft:oak_planks":302,"minecraft:wooden_pickaxe":3,"artifacts:eternal_steak":60,"minecraft:white_wool":7,"minecraft:black_bed":1,"croptopia:orange":1,"minecraft:bread":14,"minecraft:diamond_sword":283,"minecraft:andesite":5,"minecraft:experience_bottle":4,"minecraft:torch":392,"minecraft:dirt":5,"minecraft:diamond_helmet":1,"minecraft:granite":5,"minecraft:iron_axe":128,"minecraft:iron_boots":2,"artifacts:everlasting_beef":1,"wildlife:sparrow":1,"minecraft:cobbled_deepslate":92,"minecraft:water_bucket":73,"croptopia:apricot":5,"minecraft:crafting_table":18,"minecraft:red_bed":1,"minecraft:diamond_pickaxe":84,"minecraft:apple":3,"chococraft:gysahl_green_seeds":1,"minecraft:iron_pickaxe":702,"minecraft:map":1,"minecraft:stone_axe":28,"minecraft:cobblestone":85,"minecraft:porkchop":3,"minecraft:bucket":88,"minecraft:stripped_oak_log":1}},"DataVersion":3465}