{"stats":{"minecraft:crafted":{"minecraft:oak_planks":750,"minecraft:bookshelf":15,"minecraft:diamond_helmet":2,"minecraft:diamond_leggings":2,"minecraft:iron_boots":1,"minecraft:emerald":44,"minecraft:crafting_table":5,"minecraft:iron_helmet":1,"minecraft:wooden_pickaxe":1,"minecraft:gold_block":12,"minecraft:iron_chestplate":1,"minecraft:diamond_pickaxe":1,"minecraft:emerald_block":1,"minecraft:shield":1,"minecraft:stick":120,"minecraft:iron_pickaxe":4,"minecraft:iron_ingot":131,"minecraft:iron_block":3,"minecraft:gold_ingot":96,"artifacts:eternal_steak":1,"minecraft:raw_iron":36,"minecraft:coal":9,"minecraft:experience_bottle":2,"minecraft:diamond_block":21,"minecraft:diamond":63,"minecraft:iron_axe":3,"minecraft:stone_pickaxe":1,"minecraft:diamond_boots":2,"weaponworks:diamond_greatsword":1,"minecraft:dark_oak_planks":16,"handcrafted:stackable_book":4,"mca:whistle":1,"minecraft:wheat":72,"minecraft:diamond_sword":2,"minecraft:bucket":2,"minecraft:stone_axe":1,"minecraft:bread":30,"minecraft:air":0,"basicshields:diamond_shield":1,"minecraft:iron_leggings":2,"minecraft:torch":394,"mca:wedding_ring":2,"minecraft:diamond_chestplate":2},"minecraft:custom":{"lootr:looted_stat":158,"minecraft:interact_with_crafting_table":125,"minecraft:open_barrel":16,"goblintraders:trade_with_goblin":65,"minecraft:bell_ring":1,"minecraft:leave_game":23,"minecraft:time_since_death":6022,"minecraft:sprint_one_cm":2107610,"minecraft:damage_blocked_by_shield":4590,"minecraft:drop":260,"minecraft:talked_to_villager":1,"minecraft:play_time":767760,"minecraft:deaths":45,"minecraft:jump":9636,"minecraft:interact_with_brewingstand":2,"minecraft:walk_on_water_one_cm":94004,"minecraft:enchant_item":3,"minecraft:interact_with_furnace":17,"minecraft:sleep_in_bed":3,"minecraft:open_enderchest":5,"minecraft:damage_dealt":18594,"minecraft:player_kills":1,"minecraft:crouch_one_cm":44381,"minecraft:interact_with_smoker":2,"minecraft:horse_one_cm":325892,"minecraft:interact_with_anvil":1,"minecraft:mob_kills":96,"minecraft:damage_dealt_resisted":132,"minecraft:climb_one_cm":37708,"minecraft:walk_one_cm":2049759,"minecraft:sneak_time":19873,"minecraft:walk_under_water_one_cm":136626,"the_bumblezone:bumble_bee_chestplate_fly_time":291,"minecraft:interact_with_blast_furnace":2,"minecraft:total_world_time":767760,"minecraft:tune_noteblock":15,"minecraft:time_since_rest":6057,"minecraft:damage_taken":25332,"minecraft:swim_one_cm":149421,"minecraft:fly_one_cm":1412314,"minecraft:open_chest":47,"minecraft:fall_one_cm":215800},"minecraft:killed":{"guardvillagers:guard":2,"minecraft:cave_spider":22,"minecraft:spider":14,"illagerinvasion:basher":2,"minecraft:skeleton":36,"minecraft:chicken":2,"illagerinvasion:provoker":4,"artifacts:mimic":4,"enderzoology:fallen_knight":6,"minecraft:pig":6,"minecraft:pillager":4,"tinyskeletons:baby_skeleton":2,"minecraft:zombie":66,"minecraft:cow":2,"minecraft:vindicator":14,"graveyard:ghoul":2,"minecraft:wither_skeleton":2,"minecraft:player":2},"minecraft:killed_by":{"minecraft:piglin_brute":3,"minecraft:creeper":2,"minecraft:vindicator":2,"enderzoology:fallen_knight":1,"minecraft:zombie":7,"minecraft:player":4,"bosses_of_mass_destruction:void_blossom":16,"minecraft:skeleton":4},"minecraft:broken":{"minecraft:diamond_helmet":1,"minecraft:shield":1,"minecraft:iron_pickaxe":1},"minecraft:mined":{"winterly:raw_cryomarble_shard":4,"croptopia:greenbean_crop":1,"geode_plus:medium_diamond_bud":15,"croptopia:strawberry_crop":1,"minecraft:brewing_stand":1,"minecraft:obsidian":4,"minecraft:granite":6,"minecraft:grass_block":10,"minecraft:dead_tube_coral_block":1,"randomium:randomium_ore":6,"minecraft:coal_block":1,"minecraft:deepslate_tile_stairs":1,"travelersbackpack:iron":1,"minecraft:spawner":2,"minecraft:raw_iron_block":4,"minecraft:fire":1,"minecraft:iron_ore":128,"minecraft:cobbled_deepslate":2,"geode_plus:budding_diamond":2,"minecraft:deepslate_lapis_ore":14,"minecraft:enchanting_table":1,"chococraft:gysahl_green":1,"minecraft:iron_bars":3,"minecraft:player_head":1,"minecraft:spruce_slab":2,"geode_plus:lapis_cluster":13,"minecraft:deepslate_redstone_ore":72,"minecraft:red_bed":1,"handcrafted:stackable_book":1,"minecraft:torch":9,"croptopia:oat_crop":1,"minecraft:wither_skeleton_wall_skull":1,"minecraft:cobblestone":7,"minecraft:oak_planks":18,"minecraft:wall_torch":3,"geode_plus:diamond_crystal":85,"minecraft:wheat":1,"minecraft:black_bed":1,"minecraft:stone_brick_stairs":1,"croptopia:chile_pepper_crop":1,"croptopia:apricot_crop":5,"minecraft:grass":23,"minecraft:cracked_deepslate_tiles":1,"minecraft:oak_log":29,"minecraft:dirt":8,"minecraft:oak_leaves":13,"minecraft:deepslate":95,"minecraft:tuff":1,"croptopia:orange_crop":8,"minecraft:mossy_cobblestone":3,"minecraft:deepslate_diamond_ore":43,"minecraft:glow_lichen":1,"minecraft:chiseled_bookshelf":2,"minecraft:decorated_pot":4,"geode_plus:budding_echo":1,"minecraft:large_fern":1,"minecraft:hay_block":8,"minecraft:furnace":1,"croptopia:corn_crop":1,"minecraft:andesite":13,"treechop:chopped_log":20,"minecraft:gold_block":8,"minecraft:bookshelf":23,"minecraft:deepslate_iron_ore":60,"minecraft:cobblestone_slab":1,"minecraft:stripped_oak_log":2,"croptopia:elderberry_crop":1,"minecraft:stone":303,"minecraft:white_wool":2,"minecraft:ender_chest":1,"geode_plus:small_diamond_bud":1,"randomium:randomium_ore_deepslate":1,"minecraft:dandelion":1,"croptopia:sweetpotato_crop":6,"minecraft:oak_fence":2,"minecraft:crafting_table":17,"minecraft:emerald_ore":8,"minecraft:oak_wood":18,"minecraft:andesite_slab":1,"minecraft:tall_grass":5,"minecraft:deepslate_gold_ore":61,"minecraft:lapis_ore":2,"minecraft:spruce_stairs":1,"minecraft:purple_wool":2,"croptopia:tomato_crop":2,"orpheus:deepslate_tears_of_hades_ore":6,"minecraft:coal_ore":140,"croptopia:radish_crop":1,"minecraft:gravel":18,"minecraft:dripstone_block":1,"minecraft:cobweb":11,"geode_plus:large_diamond_bud":35,"minecraft:stone_bricks":1,"minecraft:chipped_anvil":1,"minecraft:mossy_stone_bricks":1,"minecraft:gold_ore":4},"minecraft:dropped":{"minecraft:spruce_sign":36,"minecraft:iron_sword":1,"minecraft:moss_block":20,"minecraft:birch_planks":12,"minecraft:diamond_axe":1,"bettermcdonaldsmod:lettuce_seeds":1,"minecraft:glass_bottle":1,"minecraft:diamond":25,"minecraft:crafting_table":3,"minecraft:decorated_pot":1,"croptopia:cauliflower":2,"minecraft:lantern":9,"artifacts:cloud_in_a_bottle":1,"croptopia:chile_pepper_seed":1,"artifacts:anglers_hat":1,"graveyard:corruption":2,"orpheus:orpheus_lyre":1,"croptopia:tomato_seed":1,"minecraft:emerald":49,"minecraft:flint":1,"minecraft:deepslate_tile_stairs":1,"bettermcdonaldsmod:tomato_seeds":6,"minecraft:dirt":13,"minecraft:red_bed":2,"lookinsharp:withering_artifact":7,"minecraft:dark_oak_fence":3,"croptopia:sweetpotato_seed":6,"minecraft:gold_nugget":9,"minecraft:phantom_membrane":1,"minecraft:iron_pickaxe":3,"minecraft:dark_oak_planks":27,"minecraft:white_wool":92,"minecraft:gold_ingot":2,"minecraft:bone":27,"minecraft:stone_axe":1,"minecraft:diamond_block":14,"minecraft:cobbled_deepslate":2,"orpheus:cow_gut":1,"minecraft:yellow_wool":3,"minecraft:pointed_dripstone":1,"minecraft:rotten_flesh":23,"universal_graves:grave_compass":28,"minecraft:oak_planks":56,"minecraft:carrot":12,"minecraft:tipped_arrow":15,"friendsandfoes:waxed_weathered_lightning_rod":1,"minecraft:gunpowder":1,"artifacts:panic_necklace":1,"mca:book_infection":1,"minecraft:spruce_slab":1,"minecraft:arrow":2,"minecraft:stone_brick_stairs":2,"minecraft:egg":1,"minecraft:enchanted_book":9,"minecraft:bread":29,"minecraft:iron_ingot":79,"minecraft:wheat_seeds":5,"orpheus:mythos_block":2,"minecraft:dripstone_block":7,"croptopia:orange":4,"minecraft:oak_fence":3,"minecraft:cobblestone":76,"minecraft:iron_helmet":1,"croptopia:sweetpotato":9,"winterly:cryomarble_sword":1,"minecraft:spruce_stairs":1,"minecraft:coal":36,"minecraft:stick":42,"croptopia:greenbean":1,"minecraft:torch":15,"minecraft:potion":1,"minecraft:iron_leggings":1,"minecraft:iron_axe":3,"minecraft:string":7,"minecraft:pink_petals":2,"minecraft:redstone":13,"minecraft:moss_carpet":2,"weaponworks:diamond_greatsword":1,"minecraft:stone_sword":1,"minecraft:tuff":1,"minecraft:raw_iron":3,"minecraft:chicken":1,"winterly:cryomarble_shard":4,"minecraft:filled_map":2,"minecraft:diamond_sword":2,"minecraft:shield":2,"minecraft:iron_chestplate":1,"artifacts:pickaxe_heater":1,"minecraft:stone_bricks":1,"minecraft:spider_eye":5,"minecraft:bow":2,"orpheus:stoic_meditative_stone":1,"minecraft:wooden_pickaxe":1,"minecraft:stripped_spruce_wood":3,"chococraft:gysahl_green":2},"minecraft:picked_up":{"basicshields:wooden_shield":1,"minecraft:iron_chestplate":1,"minecraft:yellow_wool":3,"minecraft:diamond_sword":2,"minecraft:enchanted_book":17,"minecraft:potion":2,"minecraft:stone_brick_stairs":2,"minecraft:brewing_stand":1,"minecraft:string":34,"minecraft:dead_tube_coral_block":1,"minecraft:armor_stand":1,"universal_graves:grave_compass":11,"minecraft:diamond_leggings":2,"mca:engagement_ring":1,"minecraft:gold_nugget":8,"minecraft:cobbled_deepslate":96,"minecraft:iron_pickaxe":1,"minecraft:coal_block":1,"minecraft:furnace":1,"mca:wedding_ring":1,"minecraft:tipped_arrow":15,"minecraft:stick":49,"minecraft:oak_fence":3,"minecraft:torch":44,"minecraft:spruce_stairs":1,"minecraft:porkchop":3,"minecraft:pointed_dripstone":1,"minecraft:deepslate_tile_stairs":1,"travelersbackpack:iron":2,"minecraft:stone_sword":1,"minecraft:rotten_flesh":29,"weaponworks:diamond_greatsword":1,"orpheus:cow_gut":1,"artifacts:panic_necklace":1,"minecraft:obsidian":12,"betternether:cincinnasite_bars":1,"minecraft:cobblestone":269,"croptopia:cauliflower":2,"minecraft:enchanting_table":1,"minecraft:pink_petals":5,"minecraft:feather":2,"minecraft:andesite":11,"minecraft:black_bed":1,"minecraft:flint":2,"minecraft:tuff":1,"minecraft:stripped_spruce_wood":3,"minecraft:wither_skeleton_skull":2,"lootr:trophy":1,"minecraft:lapis_lazuli":110,"friendsandfoes:waxed_weathered_lightning_rod":1,"minecraft:dirt":25,"minecraft:lantern":9,"the_bumblezone:bumble_bee_chestplate_trans_2":1,"orpheus:mythos_block":2,"minecraft:leather_boots":1,"minecraft:bone":47,"minecraft:chipped_anvil":1,"croptopia:sweetpotato":9,"minecraft:bow":2,"minecraft:wheat_seeds":6,"minecraft:raw_gold":102,"promenade:blueberries":7,"minecraft:moss_block":20,"minecraft:oak_planks":18,"croptopia:chile_pepper_seed":1,"minecraft:diamond_block":14,"winterly:cryomarble_shard":6,"croptopia:chile_pepper":1,"handcrafted:stackable_book":4,"minecraft:diamond":220,"croptopia:radish_seed":1,"minecraft:granite":5,"minecraft:spruce_sign":36,"minecraft:emerald":25,"minecraft:oak_sapling":78,"minecraft:dark_oak_fence":3,"mca:bouquet":1,"minecraft:crafting_table":21,"minecraft:purple_wool":2,"minecraft:chicken":1,"minecraft:leather_leggings":1,"croptopia:sweetpotato_seed":6,"minecraft:gold_block":9,"minecraft:shield":3,"minecraft:red_bed":4,"minecraft:moss_carpet":2,"minecraft:iron_axe":2,"mca:potion_of_masculinity":1,"graveyard:corruption":2,"croptopia:tomato_seed":1,"minecraft:beef":3,"minecraft:player_head":1,"lookinsharp:withering_artifact":7,"minecraft:spruce_slab":1,"minecraft:phantom_membrane":1,"minecraft:egg":3,"minecraft:raw_iron":191,"minecraft:carrot":10,"minecraft:redstone":13,"croptopia:strawberry":1,"minecraft:dark_oak_planks":27,"geode_plus:budding_echo":1,"minecraft:arrow":34,"minecraft:decorated_pot":1,"minecraft:diamond_boots":1,"minecraft:hay_block":8,"minecraft:gold_ingot":7,"croptopia:salt":1,"minecraft:rail":2,"orpheus:tears_of_hades":6,"minecraft:white_wool":152,"minecraft:stripped_oak_log":4,"artifacts:digging_claws":1,"minecraft:leather":1,"minecraft:filled_map":1,"artifacts:anglers_hat":1,"minecraft:birch_planks":24,"minecraft:oak_log":173,"minecraft:chainmail_chestplate":1,"artifacts:cloud_in_a_bottle":1,"minecraft:gunpowder":1,"chococraft:gysahl_green":2,"immersive_armors:heavy_chestplate":1,"minecraft:apple":8,"minecraft:stone_bricks":1,"minecraft:iron_ingot":12,"minecraft:cooked_chicken":1,"bettermcdonaldsmod:tomato_seeds":6,"croptopia:tomato":1,"orpheus:orpheus_lyre":1,"minecraft:iron_sword":1,"minecraft:book":69,"minecraft:smooth_basalt":2,"winterly:cryomarble_sword":1,"minecraft:emerald_block":3,"croptopia:apricot":5,"minecraft:raw_iron_block":4,"minecraft:dripstone_block":8,"minecraft:gravel":19,"wildlife:sparrow":1,"chococraft:gysahl_green_seeds":1,"minecraft:spider_eye":22,"minecraft:oak_wood":14,"minecraft:iron_helmet":1,"croptopia:orange":8,"bettermcdonaldsmod:lettuce_seeds":1,"minecraft:diamond_axe":1,"croptopia:greenbean":1,"minecraft:coal":209},"minecraft:used":{"geode_plus:budding_echo":1,"minecraft:shield":48,"minecraft:iron_sword":103,"lootr:trophy":1,"weaponworks:diamond_greatsword":53,"minecraft:player_head":1,"minecraft:rotten_flesh":1,"handcrafted:stackable_book":8,"minecraft:iron_chestplate":1,"minecraft:carrot":5,"travelersbackpack:iron":7,"minecraft:lava_bucket":13,"minecraft:iron_helmet":1,"betternether:cincinnasite_bars":1,"croptopia:peach":11,"minecraft:bow":4,"minecraft:furnace":1,"minecraft:oak_sapling":53,"minecraft:egg":2,"minecraft:diamond_boots":2,"croptopia:tomato":1,"minecraft:stone_pickaxe":107,"minecraft:oak_planks":550,"minecraft:wooden_pickaxe":3,"artifacts:eternal_steak":96,"minecraft:diamond_axe":20,"minecraft:white_wool":7,"minecraft:black_bed":1,"croptopia:orange":4,"minecraft:bread":14,"minecraft:gravel":16,"minecraft:diamond_sword":318,"minecraft:andesite":5,"minecraft:purple_wool":2,"minecraft:experience_bottle":7,"minecraft:enchanting_table":1,"minecraft:stone_sword":4,"minecraft:armor_stand":1,"minecraft:torch":474,"minecraft:dirt":10,"croptopia:chile_pepper":1,"minecraft:diamond_helmet":2,"minecraft:granite":5,"minecraft:chipped_anvil":1,"minecraft:bookshelf":17,"minecraft:iron_axe":193,"promenade:blueberries":2,"minecraft:iron_boots":2,"artifacts:everlasting_beef":1,"wildlife:sparrow":1,"minecraft:cobbled_deepslate":92,"minecraft:water_bucket":162,"croptopia:apricot":5,"minecraft:crafting_table":22,"minecraft:red_bed":1,"minecraft:diamond_pickaxe":324,"minecraft:apple":3,"chococraft:gysahl_green_seeds":1,"minecraft:iron_pickaxe":752,"minecraft:map":1,"minecraft:stone_axe":28,"minecraft:pink_petals":3,"minecraft:cobblestone":85,"minecraft:potion":1,"minecraft:porkchop":3,"minecraft:bucket":177,"minecraft:stripped_oak_log":1}},"DataVersion":3465}