{"stats":{"minecraft:crafted":{"artifacts:eternal_steak":1,"minecraft:coal":9,"minecraft:raw_iron":36,"minecraft:oak_planks":146,"minecraft:experience_bottle":2,"minecraft:diamond_helmet":1,"minecraft:diamond_leggings":1,"minecraft:iron_boots":1,"minecraft:iron_axe":2,"minecraft:stone_pickaxe":1,"minecraft:diamond_boots":1,"minecraft:dark_oak_planks":16,"mca:whistle":1,"minecraft:wheat":72,"minecraft:diamond_sword":1,"minecraft:emerald":44,"minecraft:crafting_table":3,"minecraft:iron_helmet":1,"minecraft:wooden_pickaxe":1,"minecraft:gold_block":3,"minecraft:bucket":2,"minecraft:stone_axe":1,"minecraft:bread":30,"minecraft:air":0,"minecraft:iron_chestplate":1,"minecraft:diamond_pickaxe":1,"minecraft:emerald_block":1,"minecraft:shield":1,"minecraft:stick":88,"minecraft:iron_ingot":131,"minecraft:iron_pickaxe":4,"minecraft:iron_block":3,"minecraft:iron_leggings":2,"minecraft:gold_ingot":87,"minecraft:torch":256,"minecraft:diamond_chestplate":1},"minecraft:custom":{"lootr:looted_stat":98,"minecraft:mob_kills":56,"minecraft:open_barrel":5,"minecraft:interact_with_crafting_table":47,"goblintraders:trade_with_goblin":65,"minecraft:damage_dealt_resisted":132,"minecraft:leave_game":9,"minecraft:time_since_death":22151,"minecraft:climb_one_cm":7437,"minecraft:sprint_one_cm":940454,"minecraft:walk_one_cm":1377713,"minecraft:damage_blocked_by_shield":2085,"minecraft:drop":133,"minecraft:play_time":481473,"minecraft:deaths":19,"minecraft:sneak_time":11418,"minecraft:walk_under_water_one_cm":27246,"the_bumblezone:bumble_bee_chestplate_fly_time":291,"minecraft:jump":6045,"minecraft:interact_with_blast_furnace":1,"minecraft:walk_on_water_one_cm":38537,"minecraft:total_world_time":481473,"minecraft:interact_with_furnace":17,"minecraft:sleep_in_bed":3,"minecraft:time_since_rest":17677,"minecraft:damage_taken":11736,"minecraft:damage_dealt":10780,"minecraft:player_kills":1,"minecraft:swim_one_cm":10812,"minecraft:fly_one_cm":509694,"minecraft:open_chest":37,"minecraft:crouch_one_cm":25822,"minecraft:interact_with_smoker":2,"minecraft:fall_one_cm":100370,"minecraft:horse_one_cm":158610},"minecraft:killed":{"guardvillagers:guard":2,"minecraft:cave_spider":18,"minecraft:vindicator":6,"minecraft:spider":10,"minecraft:skeleton":12,"minecraft:chicken":2,"artifacts:mimic":4,"enderzoology:fallen_knight":6,"minecraft:pig":6,"minecraft:pillager":2,"tinyskeletons:baby_skeleton":2,"minecraft:zombie":38,"minecraft:wither_skeleton":2,"minecraft:player":2,"minecraft:cow":2},"minecraft:killed_by":{"minecraft:creeper":1,"bosses_of_mass_destruction:void_blossom":16},"minecraft:broken":{"minecraft:iron_pickaxe":1},"minecraft:mined":{"winterly:raw_cryomarble_shard":4,"minecraft:tuff":1,"croptopia:greenbean_crop":1,"croptopia:orange_crop":1,"minecraft:mossy_cobblestone":3,"minecraft:deepslate_diamond_ore":43,"geode_plus:medium_diamond_bud":8,"croptopia:strawberry_crop":1,"minecraft:obsidian":4,"minecraft:glow_lichen":1,"minecraft:granite":5,"minecraft:dead_tube_coral_block":1,"minecraft:grass_block":4,"minecraft:decorated_pot":4,"randomium:randomium_ore":4,"minecraft:coal_block":1,"geode_plus:budding_echo":1,"travelersbackpack:iron":1,"minecraft:spawner":1,"minecraft:large_fern":1,"minecraft:hay_block":8,"minecraft:raw_iron_block":4,"minecraft:furnace":1,"minecraft:iron_ore":98,"minecraft:cobbled_deepslate":2,"minecraft:andesite":13,"treechop:chopped_log":14,"minecraft:deepslate_lapis_ore":14,"minecraft:gold_block":8,"minecraft:cobblestone_slab":1,"chococraft:gysahl_green":1,"minecraft:deepslate_iron_ore":60,"minecraft:stripped_oak_log":2,"minecraft:stone":190,"minecraft:spruce_slab":1,"geode_plus:lapis_cluster":13,"minecraft:deepslate_redstone_ore":72,"minecraft:red_bed":1,"randomium:randomium_ore_deepslate":1,"minecraft:dandelion":1,"croptopia:sweetpotato_crop":4,"minecraft:oak_fence":2,"minecraft:crafting_table":14,"minecraft:torch":3,"croptopia:oat_crop":1,"minecraft:andesite_slab":1,"minecraft:tall_grass":4,"minecraft:cobblestone":6,"minecraft:deepslate_gold_ore":61,"minecraft:oak_planks":2,"minecraft:wall_torch":2,"geode_plus:diamond_crystal":29,"minecraft:wheat":1,"minecraft:grass":21,"orpheus:deepslate_tears_of_hades_ore":6,"minecraft:oak_log":25,"minecraft:coal_ore":95,"minecraft:gravel":4,"minecraft:dripstone_block":1,"minecraft:dirt":4,"minecraft:cobweb":9,"geode_plus:large_diamond_bud":19,"minecraft:gold_ore":4,"minecraft:mossy_stone_bricks":1,"minecraft:oak_leaves":10,"minecraft:deepslate":95},"minecraft:dropped":{"minecraft:iron_ingot":15,"minecraft:enchanted_book":1,"minecraft:birch_planks":12,"minecraft:iron_sword":1,"minecraft:wheat_seeds":5,"bettermcdonaldsmod:lettuce_seeds":1,"orpheus:mythos_block":2,"minecraft:diamond":25,"minecraft:crafting_table":2,"minecraft:dripstone_block":7,"minecraft:decorated_pot":1,"minecraft:lantern":3,"minecraft:oak_fence":2,"minecraft:iron_helmet":1,"minecraft:cobblestone":54,"croptopia:sweetpotato":7,"artifacts:cloud_in_a_bottle":1,"winterly:cryomarble_sword":1,"artifacts:anglers_hat":1,"minecraft:emerald":48,"minecraft:stick":37,"bettermcdonaldsmod:tomato_seeds":5,"minecraft:red_bed":2,"croptopia:greenbean":1,"minecraft:dark_oak_fence":3,"croptopia:sweetpotato_seed":5,"minecraft:iron_leggings":1,"minecraft:phantom_membrane":1,"minecraft:gold_nugget":5,"minecraft:iron_axe":3,"minecraft:iron_pickaxe":2,"minecraft:white_wool":41,"minecraft:dark_oak_planks":13,"minecraft:string":5,"minecraft:pink_petals":2,"minecraft:bone":3,"minecraft:redstone":13,"minecraft:stone_axe":1,"minecraft:moss_carpet":1,"minecraft:cobbled_deepslate":2,"minecraft:yellow_wool":3,"minecraft:tuff":1,"orpheus:cow_gut":1,"minecraft:pointed_dripstone":1,"minecraft:chicken":1,"minecraft:rotten_flesh":16,"universal_graves:grave_compass":9,"winterly:cryomarble_shard":4,"minecraft:carrot":8,"minecraft:diamond_sword":2,"minecraft:tipped_arrow":15,"minecraft:shield":2,"friendsandfoes:waxed_weathered_lightning_rod":1,"minecraft:iron_chestplate":1,"artifacts:panic_necklace":1,"artifacts:pickaxe_heater":1,"minecraft:stone_bricks":1,"mca:book_infection":1,"minecraft:spider_eye":5,"orpheus:stoic_meditative_stone":1,"minecraft:arrow":2,"minecraft:bow":1,"minecraft:wooden_pickaxe":1,"minecraft:spruce_sign":12,"chococraft:gysahl_green":2,"minecraft:bread":29,"minecraft:egg":1},"minecraft:picked_up":{"basicshields:wooden_shield":1,"minecraft:crafting_table":17,"minecraft:iron_chestplate":1,"minecraft:yellow_wool":3,"minecraft:chicken":1,"croptopia:sweetpotato_seed":5,"minecraft:diamond_sword":2,"minecraft:gold_block":9,"minecraft:shield":2,"minecraft:dead_tube_coral_block":1,"minecraft:string":16,"minecraft:red_bed":3,"minecraft:moss_carpet":1,"minecraft:iron_axe":2,"universal_graves:grave_compass":5,"mca:potion_of_masculinity":1,"mca:engagement_ring":1,"minecraft:cobbled_deepslate":96,"minecraft:beef":3,"minecraft:coal_block":1,"minecraft:phantom_membrane":1,"minecraft:furnace":1,"minecraft:egg":3,"mca:wedding_ring":1,"minecraft:tipped_arrow":15,"minecraft:stick":37,"minecraft:raw_iron":159,"minecraft:oak_fence":2,"minecraft:torch":8,"minecraft:porkchop":3,"minecraft:pointed_dripstone":1,"minecraft:carrot":4,"minecraft:redstone":13,"croptopia:strawberry":1,"minecraft:dark_oak_planks":20,"travelersbackpack:iron":2,"geode_plus:budding_echo":1,"minecraft:arrow":3,"minecraft:rotten_flesh":15,"minecraft:decorated_pot":1,"minecraft:hay_block":8,"minecraft:white_wool":99,"minecraft:gold_ingot":5,"orpheus:cow_gut":1,"artifacts:panic_necklace":1,"betternether:cincinnasite_bars":1,"minecraft:obsidian":4,"orpheus:tears_of_hades":6,"minecraft:rail":2,"minecraft:cobblestone":195,"minecraft:stripped_oak_log":4,"minecraft:pink_petals":2,"minecraft:feather":2,"minecraft:andesite":11,"minecraft:leather":1,"artifacts:anglers_hat":1,"minecraft:birch_planks":24,"minecraft:tuff":1,"minecraft:oak_log":133,"artifacts:cloud_in_a_bottle":1,"minecraft:lapis_lazuli":110,"friendsandfoes:waxed_weathered_lightning_rod":1,"minecraft:dirt":7,"minecraft:lantern":6,"the_bumblezone:bumble_bee_chestplate_trans_2":1,"orpheus:mythos_block":2,"minecraft:bone":14,"immersive_armors:heavy_chestplate":1,"chococraft:gysahl_green":2,"minecraft:apple":6,"minecraft:stone_bricks":1,"croptopia:sweetpotato":7,"minecraft:wheat_seeds":6,"minecraft:raw_gold":68,"minecraft:iron_ingot":7,"bettermcdonaldsmod:tomato_seeds":5,"minecraft:oak_planks":2,"minecraft:iron_sword":1,"minecraft:smooth_basalt":2,"minecraft:emerald_block":3,"winterly:cryomarble_sword":1,"minecraft:raw_iron_block":4,"minecraft:dripstone_block":8,"minecraft:gravel":3,"wildlife:sparrow":1,"chococraft:gysahl_green_seeds":1,"winterly:cryomarble_shard":6,"minecraft:spider_eye":5,"minecraft:diamond":112,"bettermcdonaldsmod:lettuce_seeds":1,"minecraft:iron_helmet":1,"croptopia:orange":1,"minecraft:granite":5,"croptopia:greenbean":1,"minecraft:dark_oak_fence":3,"minecraft:spruce_sign":24,"minecraft:emerald":10,"minecraft:oak_sapling":63,"minecraft:coal":95,"mca:bouquet":1},"minecraft:used":{"geode_plus:budding_echo":1,"minecraft:shield":35,"minecraft:iron_sword":103,"minecraft:iron_chestplate":1,"minecraft:torch":376,"minecraft:dirt":5,"minecraft:diamond_helmet":1,"travelersbackpack:iron":3,"minecraft:granite":5,"minecraft:lava_bucket":13,"minecraft:iron_axe":128,"minecraft:iron_helmet":1,"minecraft:iron_boots":2,"artifacts:everlasting_beef":1,"croptopia:peach":11,"minecraft:bow":4,"minecraft:furnace":1,"minecraft:oak_sapling":53,"wildlife:sparrow":1,"minecraft:egg":2,"minecraft:cobbled_deepslate":92,"minecraft:water_bucket":63,"minecraft:diamond_boots":2,"minecraft:stone_pickaxe":107,"minecraft:oak_planks":79,"minecraft:wooden_pickaxe":3,"artifacts:eternal_steak":45,"minecraft:white_wool":7,"minecraft:crafting_table":16,"minecraft:red_bed":1,"croptopia:orange":1,"minecraft:diamond_pickaxe":78,"minecraft:apple":3,"chococraft:gysahl_green_seeds":1,"minecraft:map":1,"minecraft:bread":14,"minecraft:iron_pickaxe":695,"minecraft:stone_axe":28,"minecraft:diamond_sword":204,"minecraft:cobblestone":85,"minecraft:porkchop":3,"minecraft:bucket":78,"minecraft:andesite":5,"minecraft:stripped_oak_log":1,"minecraft:experience_bottle":4}},"DataVersion":3465}