{"stats":{"minecraft:crafted":{"minecraft:oak_planks":104,"minecraft:stick":36,"minecraft:iron_pickaxe":1,"minecraft:iron_ingot":10,"minecraft:wooden_pickaxe":1,"minecraft:stone_pickaxe":1,"minecraft:iron_leggings":1,"minecraft:torch":18,"minecraft:stone_axe":1,"minecraft:air":0,"minecraft:bread":6},"minecraft:custom":{"minecraft:time_since_rest":34281,"minecraft:interact_with_furnace":7,"lootr:looted_stat":8,"minecraft:sprint_one_cm":43553,"minecraft:damage_taken":317,"minecraft:walk_one_cm":125762,"minecraft:mob_kills":1,"minecraft:drop":1,"minecraft:damage_dealt":186,"minecraft:interact_with_crafting_table":7,"minecraft:fly_one_cm":17236,"minecraft:open_chest":2,"minecraft:crouch_one_cm":1705,"minecraft:play_time":34281,"minecraft:sneak_time":616,"minecraft:jump":1635,"minecraft:leave_game":3,"minecraft:time_since_death":34281,"minecraft:total_world_time":34281,"minecraft:fall_one_cm":5011},"minecraft:killed":{"minecraft:cow":2},"minecraft:mined":{"minecraft:furnace":1,"minecraft:iron_ore":19,"croptopia:sweetpotato_crop":2,"minecraft:crafting_table":1,"minecraft:granite":5,"minecraft:grass":1,"minecraft:oak_log":24,"minecraft:coal_ore":33,"minecraft:grass_block":3,"minecraft:dirt":1,"minecraft:stripped_oak_log":2,"minecraft:stone":44},"minecraft:dropped":{"orpheus:cow_gut":1},"minecraft:picked_up":{"minecraft:stripped_oak_log":4,"minecraft:crafting_table":1,"minecraft:raw_iron":19,"minecraft:leather":1,"croptopia:sweetpotato_seed":3,"minecraft:oak_log":23,"minecraft:dirt":4,"croptopia:sweetpotato":2,"minecraft:iron_helmet":1,"minecraft:granite":5,"minecraft:beef":3,"orpheus:cow_gut":1,"minecraft:iron_sword":1,"minecraft:coal":33,"minecraft:cobblestone":44,"minecraft:furnace":1},"minecraft:used":{"minecraft:stone_pickaxe":87,"minecraft:bread":2,"minecraft:iron_pickaxe":19,"minecraft:oak_planks":3,"minecraft:wooden_pickaxe":3,"minecraft:stone_axe":28,"minecraft:torch":12,"minecraft:dirt":2,"croptopia:peach":11,"minecraft:cobblestone":4,"minecraft:crafting_table":1,"minecraft:furnace":1,"minecraft:stripped_oak_log":1,"minecraft:granite":5}},"DataVersion":3465}