{"stats":{"minecraft:crafted":{"artifacts:eternal_steak":1,"minecraft:oak_planks":104,"minecraft:experience_bottle":2,"minecraft:diamond_helmet":1,"minecraft:iron_boots":1,"minecraft:diamond_leggings":1,"minecraft:iron_axe":2,"minecraft:stone_pickaxe":1,"minecraft:diamond_boots":1,"minecraft:dark_oak_planks":16,"minecraft:wheat":72,"minecraft:diamond_sword":1,"minecraft:emerald":8,"minecraft:crafting_table":3,"minecraft:iron_helmet":1,"minecraft:wooden_pickaxe":1,"minecraft:gold_block":2,"minecraft:bucket":2,"minecraft:stone_axe":1,"minecraft:bread":30,"minecraft:air":0,"minecraft:iron_chestplate":1,"minecraft:diamond_pickaxe":1,"minecraft:emerald_block":1,"minecraft:shield":1,"minecraft:stick":88,"minecraft:iron_ingot":131,"minecraft:iron_pickaxe":3,"minecraft:iron_block":3,"minecraft:gold_ingot":60,"minecraft:iron_leggings":2,"minecraft:torch":222,"minecraft:diamond_chestplate":1},"minecraft:custom":{"lootr:looted_stat":56,"minecraft:mob_kills":24,"minecraft:interact_with_crafting_table":42,"goblintraders:trade_with_goblin":65,"minecraft:leave_game":6,"minecraft:time_since_death":74223,"minecraft:climb_one_cm":220,"minecraft:sprint_one_cm":499930,"minecraft:walk_one_cm":914602,"minecraft:damage_blocked_by_shield":1200,"minecraft:drop":60,"minecraft:play_time":290626,"minecraft:deaths":17,"minecraft:sneak_time":5924,"minecraft:walk_under_water_one_cm":19419,"the_bumblezone:bumble_bee_chestplate_fly_time":291,"minecraft:jump":4433,"minecraft:walk_on_water_one_cm":24487,"minecraft:total_world_time":290626,"minecraft:interact_with_furnace":17,"minecraft:sleep_in_bed":2,"minecraft:time_since_rest":72740,"minecraft:damage_taken":9082,"minecraft:damage_dealt":4382,"minecraft:swim_one_cm":9956,"minecraft:fly_one_cm":253403,"minecraft:open_chest":3,"minecraft:crouch_one_cm":14592,"minecraft:interact_with_smoker":2,"minecraft:fall_one_cm":65394,"minecraft:horse_one_cm":235},"minecraft:killed":{"guardvillagers:guard":2,"minecraft:cave_spider":12,"minecraft:spider":6,"minecraft:skeleton":2,"minecraft:chicken":2,"artifacts:mimic":4,"enderzoology:fallen_knight":2,"minecraft:pig":6,"tinyskeletons:baby_skeleton":2,"minecraft:zombie":8,"minecraft:cow":2},"minecraft:killed_by":{"bosses_of_mass_destruction:void_blossom":16},"minecraft:broken":{"minecraft:iron_pickaxe":1},"minecraft:mined":{"winterly:raw_cryomarble_shard":4,"minecraft:tuff":1,"minecraft:deepslate_diamond_ore":19,"geode_plus:medium_diamond_bud":8,"croptopia:strawberry_crop":1,"minecraft:obsidian":4,"minecraft:glow_lichen":1,"minecraft:granite":5,"minecraft:grass_block":3,"randomium:randomium_ore":4,"travelersbackpack:iron":1,"minecraft:hay_block":8,"minecraft:furnace":1,"minecraft:iron_ore":83,"minecraft:andesite":13,"minecraft:deepslate_lapis_ore":13,"minecraft:deepslate_iron_ore":49,"minecraft:stripped_oak_log":2,"minecraft:stone":190,"geode_plus:lapis_cluster":13,"minecraft:deepslate_redstone_ore":21,"minecraft:red_bed":1,"croptopia:sweetpotato_crop":4,"minecraft:oak_fence":2,"minecraft:crafting_table":11,"minecraft:torch":2,"croptopia:oat_crop":1,"minecraft:cobblestone":1,"minecraft:deepslate_gold_ore":39,"geode_plus:diamond_crystal":29,"minecraft:grass":9,"orpheus:deepslate_tears_of_hades_ore":6,"minecraft:coal_ore":86,"minecraft:oak_log":24,"minecraft:gravel":4,"minecraft:dripstone_block":1,"minecraft:dirt":4,"geode_plus:large_diamond_bud":19,"minecraft:mossy_stone_bricks":1,"minecraft:deepslate":58},"minecraft:dropped":{"minecraft:bread":29,"minecraft:enchanted_book":1,"minecraft:iron_ingot":15,"minecraft:iron_sword":1,"minecraft:wheat_seeds":1,"bettermcdonaldsmod:lettuce_seeds":1,"minecraft:diamond":13,"minecraft:dripstone_block":7,"minecraft:oak_fence":2,"minecraft:cobblestone":12,"croptopia:sweetpotato":7,"winterly:cryomarble_sword":1,"minecraft:stick":36,"bettermcdonaldsmod:tomato_seeds":1,"minecraft:red_bed":2,"croptopia:sweetpotato_seed":5,"minecraft:iron_leggings":1,"minecraft:gold_nugget":5,"minecraft:iron_pickaxe":1,"minecraft:string":1,"minecraft:pink_petals":2,"minecraft:bone":2,"minecraft:redstone":13,"minecraft:stone_axe":1,"minecraft:moss_carpet":1,"minecraft:cobbled_deepslate":2,"minecraft:tuff":1,"orpheus:cow_gut":1,"minecraft:pointed_dripstone":1,"minecraft:chicken":1,"minecraft:rotten_flesh":7,"universal_graves:grave_compass":7,"winterly:cryomarble_shard":4,"minecraft:diamond_sword":1,"minecraft:iron_chestplate":1,"mca:book_infection":1,"minecraft:spider_eye":1,"minecraft:bow":1,"minecraft:wooden_pickaxe":1,"minecraft:egg":1},"minecraft:picked_up":{"basicshields:wooden_shield":1,"minecraft:crafting_table":12,"minecraft:iron_chestplate":1,"minecraft:chicken":1,"croptopia:sweetpotato_seed":5,"minecraft:diamond_sword":1,"minecraft:gold_block":1,"minecraft:string":1,"minecraft:red_bed":3,"minecraft:moss_carpet":1,"universal_graves:grave_compass":5,"mca:potion_of_masculinity":1,"mca:engagement_ring":1,"minecraft:cobbled_deepslate":61,"minecraft:beef":3,"minecraft:furnace":1,"minecraft:egg":3,"mca:wedding_ring":1,"minecraft:stick":36,"minecraft:raw_iron":133,"minecraft:oak_fence":2,"minecraft:torch":3,"minecraft:porkchop":3,"minecraft:pointed_dripstone":1,"minecraft:redstone":13,"croptopia:strawberry":1,"travelersbackpack:iron":2,"geode_plus:budding_echo":1,"minecraft:arrow":1,"minecraft:rotten_flesh":3,"minecraft:hay_block":8,"minecraft:gold_ingot":5,"orpheus:cow_gut":1,"artifacts:panic_necklace":1,"minecraft:obsidian":4,"betternether:cincinnasite_bars":1,"orpheus:tears_of_hades":6,"minecraft:cobblestone":191,"minecraft:stripped_oak_log":4,"minecraft:pink_petals":2,"minecraft:feather":2,"minecraft:andesite":11,"minecraft:leather":1,"artifacts:anglers_hat":1,"minecraft:tuff":1,"minecraft:oak_log":23,"artifacts:cloud_in_a_bottle":1,"minecraft:lapis_lazuli":110,"friendsandfoes:waxed_weathered_lightning_rod":1,"minecraft:dirt":6,"the_bumblezone:bumble_bee_chestplate_trans_2":1,"minecraft:bone":3,"croptopia:sweetpotato":7,"minecraft:wheat_seeds":2,"minecraft:raw_gold":42,"minecraft:iron_ingot":7,"bettermcdonaldsmod:tomato_seeds":1,"minecraft:iron_sword":1,"minecraft:smooth_basalt":2,"winterly:cryomarble_sword":1,"minecraft:emerald_block":3,"minecraft:dripstone_block":8,"minecraft:gravel":3,"winterly:cryomarble_shard":6,"minecraft:spider_eye":1,"minecraft:diamond":88,"minecraft:iron_helmet":1,"bettermcdonaldsmod:lettuce_seeds":1,"minecraft:granite":5,"minecraft:emerald":5,"minecraft:coal":86,"mca:bouquet":1},"minecraft:used":{"minecraft:shield":23,"minecraft:iron_sword":103,"minecraft:iron_chestplate":1,"minecraft:torch":228,"minecraft:dirt":5,"travelersbackpack:iron":2,"minecraft:granite":5,"minecraft:lava_bucket":13,"minecraft:iron_axe":13,"artifacts:everlasting_beef":1,"croptopia:peach":11,"minecraft:bow":4,"minecraft:furnace":1,"minecraft:egg":2,"minecraft:cobbled_deepslate":30,"minecraft:water_bucket":48,"minecraft:stone_pickaxe":107,"minecraft:oak_planks":9,"minecraft:wooden_pickaxe":3,"artifacts:eternal_steak":23,"minecraft:crafting_table":13,"minecraft:red_bed":1,"minecraft:diamond_pickaxe":48,"minecraft:apple":3,"minecraft:bread":13,"minecraft:iron_pickaxe":518,"minecraft:stone_axe":28,"minecraft:diamond_sword":62,"minecraft:cobblestone":81,"minecraft:porkchop":3,"minecraft:bucket":63,"minecraft:andesite":5,"minecraft:stripped_oak_log":1,"minecraft:experience_bottle":4}},"DataVersion":3465}