{"stats":{"minecraft:crafted":{"minecraft:oak_planks":104,"minecraft:iron_boots":1,"minecraft:shield":1,"minecraft:stick":36,"minecraft:iron_pickaxe":1,"minecraft:iron_ingot":16,"minecraft:wooden_pickaxe":1,"minecraft:stone_pickaxe":1,"minecraft:iron_leggings":1,"minecraft:bucket":1,"minecraft:torch":44,"minecraft:stone_axe":1,"minecraft:air":0,"minecraft:bread":6},"minecraft:custom":{"minecraft:time_since_rest":46281,"minecraft:interact_with_furnace":15,"lootr:looted_stat":10,"minecraft:sprint_one_cm":66449,"minecraft:damage_taken":334,"minecraft:walk_one_cm":185832,"minecraft:mob_kills":1,"minecraft:drop":1,"minecraft:damage_dealt":222,"minecraft:interact_with_crafting_table":13,"minecraft:fly_one_cm":20322,"goblintraders:trade_with_goblin":1,"minecraft:open_chest":2,"minecraft:crouch_one_cm":1803,"minecraft:play_time":46281,"minecraft:sneak_time":697,"minecraft:jump":1836,"minecraft:leave_game":3,"minecraft:time_since_death":46281,"minecraft:total_world_time":46281,"minecraft:fall_one_cm":7891},"minecraft:killed":{"minecraft:cow":2},"minecraft:mined":{"minecraft:furnace":1,"minecraft:iron_ore":35,"minecraft:andesite":12,"croptopia:sweetpotato_crop":2,"minecraft:crafting_table":1,"minecraft:granite":5,"minecraft:grass":1,"minecraft:oak_log":24,"minecraft:coal_ore":55,"minecraft:grass_block":3,"minecraft:dripstone_block":1,"minecraft:gravel":4,"minecraft:dirt":2,"minecraft:stripped_oak_log":2,"minecraft:stone":51},"minecraft:dropped":{"orpheus:cow_gut":1},"minecraft:picked_up":{"minecraft:stripped_oak_log":4,"minecraft:crafting_table":1,"minecraft:raw_iron":37,"minecraft:andesite":10,"minecraft:leather":1,"croptopia:sweetpotato_seed":3,"minecraft:dripstone_block":1,"minecraft:gravel":3,"minecraft:oak_log":23,"minecraft:dirt":5,"croptopia:sweetpotato":2,"minecraft:iron_helmet":1,"minecraft:granite":5,"minecraft:beef":3,"orpheus:cow_gut":1,"minecraft:iron_sword":1,"minecraft:coal":55,"minecraft:cobblestone":53,"minecraft:furnace":1},"minecraft:used":{"minecraft:stone_pickaxe":106,"minecraft:bread":3,"minecraft:iron_pickaxe":58,"minecraft:oak_planks":3,"minecraft:wooden_pickaxe":3,"minecraft:iron_sword":1,"minecraft:stone_axe":28,"minecraft:torch":30,"minecraft:dirt":5,"croptopia:peach":11,"minecraft:cobblestone":4,"minecraft:crafting_table":1,"minecraft:furnace":1,"minecraft:stripped_oak_log":1,"minecraft:granite":5}},"DataVersion":3465}