{"stats":{"minecraft:crafted":{"minecraft:oak_planks":12,"minecraft:stick":12,"minecraft:wooden_pickaxe":1,"minecraft:stone_pickaxe":1},"minecraft:custom":{"minecraft:open_chest":2,"minecraft:time_since_rest":10281,"minecraft:play_time":10281,"minecraft:interact_with_furnace":2,"minecraft:sprint_one_cm":16198,"minecraft:damage_taken":50,"minecraft:walk_one_cm":32466,"minecraft:jump":82,"minecraft:damage_dealt":44,"minecraft:leave_game":3,"minecraft:time_since_death":10281,"minecraft:total_world_time":10281,"minecraft:interact_with_crafting_table":2,"minecraft:fall_one_cm":515,"minecraft:fly_one_cm":9603},"minecraft:mined":{"minecraft:stripped_oak_log":2,"minecraft:iron_ore":2,"minecraft:stone":3},"minecraft:picked_up":{"minecraft:stripped_oak_log":4,"minecraft:raw_iron":2,"minecraft:cobblestone":3},"minecraft:used":{"croptopia:peach":2,"minecraft:stone_pickaxe":3,"minecraft:oak_planks":3,"minecraft:wooden_pickaxe":3,"minecraft:stripped_oak_log":1}},"DataVersion":3465}