{"stats":{"minecraft:crafted":{"artifacts:eternal_steak":1,"minecraft:oak_planks":104,"minecraft:experience_bottle":2,"minecraft:iron_boots":1,"minecraft:diamond_leggings":1,"minecraft:iron_axe":1,"minecraft:stone_pickaxe":1,"minecraft:dark_oak_planks":16,"minecraft:wheat":36,"minecraft:diamond_sword":1,"minecraft:emerald":4,"minecraft:crafting_table":2,"minecraft:wooden_pickaxe":1,"minecraft:gold_block":2,"minecraft:bucket":2,"minecraft:stone_axe":1,"minecraft:bread":18,"minecraft:air":0,"minecraft:iron_chestplate":1,"minecraft:diamond_pickaxe":1,"minecraft:shield":1,"minecraft:stick":88,"minecraft:iron_ingot":44,"minecraft:iron_pickaxe":1,"minecraft:iron_block":1,"minecraft:iron_leggings":1,"minecraft:torch":66,"minecraft:diamond_chestplate":1},"minecraft:custom":{"lootr:looted_stat":39,"minecraft:mob_kills":14,"minecraft:interact_with_crafting_table":24,"goblintraders:trade_with_goblin":11,"minecraft:leave_game":4,"minecraft:time_since_death":35320,"minecraft:climb_one_cm":220,"minecraft:sprint_one_cm":326788,"minecraft:walk_one_cm":566662,"minecraft:damage_blocked_by_shield":330,"minecraft:drop":41,"minecraft:play_time":159184,"minecraft:deaths":16,"minecraft:sneak_time":2039,"minecraft:walk_under_water_one_cm":4659,"minecraft:jump":3077,"minecraft:walk_on_water_one_cm":2202,"minecraft:total_world_time":159184,"minecraft:interact_with_furnace":16,"minecraft:time_since_rest":35347,"minecraft:damage_taken":8010,"minecraft:damage_dealt":2299,"minecraft:fly_one_cm":146656,"minecraft:open_chest":3,"minecraft:crouch_one_cm":5923,"minecraft:interact_with_smoker":2,"minecraft:fall_one_cm":38280},"minecraft:killed":{"guardvillagers:guard":2,"minecraft:cave_spider":12,"minecraft:spider":4,"enderzoology:fallen_knight":2,"minecraft:pig":6,"minecraft:cow":2},"minecraft:killed_by":{"bosses_of_mass_destruction:void_blossom":16},"minecraft:mined":{"winterly:raw_cryomarble_shard":3,"minecraft:deepslate_diamond_ore":17,"croptopia:strawberry_crop":1,"minecraft:granite":5,"minecraft:grass_block":3,"minecraft:hay_block":4,"minecraft:furnace":1,"minecraft:iron_ore":35,"minecraft:andesite":13,"minecraft:deepslate_iron_ore":3,"minecraft:stripped_oak_log":2,"minecraft:stone":53,"minecraft:deepslate_redstone_ore":8,"croptopia:sweetpotato_crop":4,"minecraft:crafting_table":3,"minecraft:torch":2,"croptopia:oat_crop":1,"minecraft:deepslate_gold_ore":2,"minecraft:grass":9,"minecraft:coal_ore":55,"minecraft:oak_log":24,"minecraft:dirt":4,"minecraft:gravel":4,"minecraft:dripstone_block":1,"minecraft:mossy_stone_bricks":1,"minecraft:deepslate":3},"minecraft:dropped":{"minecraft:enchanted_book":1,"minecraft:iron_ingot":15,"minecraft:bread":29,"minecraft:iron_sword":1,"minecraft:wheat_seeds":1,"bettermcdonaldsmod:lettuce_seeds":1,"minecraft:diamond":13,"minecraft:cobblestone":12,"croptopia:sweetpotato":7,"winterly:cryomarble_sword":1,"minecraft:stick":36,"bettermcdonaldsmod:tomato_seeds":1,"minecraft:red_bed":2,"croptopia:sweetpotato_seed":5,"minecraft:iron_leggings":1,"minecraft:iron_pickaxe":1,"minecraft:bone":2,"minecraft:redstone":5,"minecraft:stone_axe":1,"minecraft:moss_carpet":1,"minecraft:cobbled_deepslate":1,"orpheus:cow_gut":1,"universal_graves:grave_compass":7,"winterly:cryomarble_shard":3,"minecraft:diamond_sword":1,"minecraft:iron_chestplate":1,"mca:book_infection":1,"minecraft:bow":1,"minecraft:wooden_pickaxe":1},"minecraft:picked_up":{"minecraft:iron_chestplate":1,"minecraft:crafting_table":3,"croptopia:sweetpotato_seed":5,"minecraft:diamond_sword":1,"minecraft:gold_block":1,"minecraft:string":1,"minecraft:red_bed":2,"minecraft:moss_carpet":1,"universal_graves:grave_compass":5,"minecraft:cobbled_deepslate":5,"minecraft:beef":3,"minecraft:furnace":1,"minecraft:egg":1,"mca:wedding_ring":1,"minecraft:stick":36,"minecraft:raw_iron":39,"minecraft:torch":2,"minecraft:porkchop":3,"minecraft:redstone":5,"croptopia:strawberry":1,"travelersbackpack:iron":1,"minecraft:hay_block":4,"minecraft:gold_ingot":5,"orpheus:cow_gut":1,"minecraft:cobblestone":55,"minecraft:stripped_oak_log":4,"minecraft:andesite":11,"minecraft:leather":1,"minecraft:oak_log":23,"artifacts:cloud_in_a_bottle":1,"minecraft:dirt":6,"minecraft:bone":2,"croptopia:sweetpotato":7,"minecraft:wheat_seeds":1,"minecraft:raw_gold":2,"bettermcdonaldsmod:tomato_seeds":1,"minecraft:iron_sword":1,"minecraft:smooth_basalt":2,"winterly:cryomarble_sword":1,"minecraft:dripstone_block":1,"minecraft:gravel":3,"winterly:cryomarble_shard":3,"minecraft:spider_eye":1,"minecraft:diamond":30,"minecraft:iron_helmet":1,"bettermcdonaldsmod:lettuce_seeds":1,"minecraft:granite":5,"minecraft:emerald":5,"minecraft:coal":55},"minecraft:used":{"minecraft:shield":2,"minecraft:iron_sword":103,"minecraft:iron_chestplate":1,"minecraft:torch":84,"minecraft:dirt":5,"travelersbackpack:iron":1,"minecraft:granite":5,"minecraft:lava_bucket":9,"minecraft:iron_axe":2,"artifacts:everlasting_beef":1,"croptopia:peach":11,"minecraft:bow":4,"minecraft:furnace":1,"minecraft:egg":1,"minecraft:cobbled_deepslate":2,"minecraft:water_bucket":11,"minecraft:stone_pickaxe":107,"minecraft:oak_planks":9,"minecraft:wooden_pickaxe":3,"artifacts:eternal_steak":14,"minecraft:crafting_table":4,"minecraft:diamond_pickaxe":4,"minecraft:apple":1,"minecraft:bread":8,"minecraft:iron_pickaxe":93,"minecraft:stone_axe":28,"minecraft:diamond_sword":16,"minecraft:cobblestone":5,"minecraft:porkchop":3,"minecraft:andesite":5,"minecraft:bucket":21,"minecraft:stripped_oak_log":1,"minecraft:experience_bottle":4}},"DataVersion":3465}