{"stats":{"minecraft:crafted":{"minecraft:oak_planks":12,"minecraft:stick":12,"minecraft:bread":6,"minecraft:wooden_pickaxe":1,"minecraft:stone_pickaxe":1},"minecraft:custom":{"minecraft:open_chest":2,"minecraft:time_since_rest":22281,"lootr:looted_stat":7,"minecraft:crouch_one_cm":1316,"minecraft:play_time":22281,"minecraft:interact_with_furnace":2,"minecraft:sprint_one_cm":33546,"minecraft:damage_taken":235,"minecraft:walk_one_cm":82018,"minecraft:sneak_time":394,"minecraft:jump":753,"minecraft:damage_dealt":86,"minecraft:leave_game":3,"minecraft:time_since_death":22281,"minecraft:total_world_time":22281,"minecraft:interact_with_crafting_table":3,"minecraft:fall_one_cm":2369,"minecraft:fly_one_cm":12732},"minecraft:mined":{"minecraft:grass_block":1,"minecraft:coal_ore":10,"minecraft:stripped_oak_log":2,"minecraft:iron_ore":2,"minecraft:stone":5,"croptopia:sweetpotato_crop":1},"minecraft:picked_up":{"minecraft:stripped_oak_log":4,"minecraft:raw_iron":2,"croptopia:sweetpotato":1,"croptopia:sweetpotato_seed":1,"minecraft:iron_helmet":1,"minecraft:dirt":1,"minecraft:coal":10,"minecraft:iron_sword":1,"minecraft:cobblestone":5},"minecraft:used":{"croptopia:peach":11,"minecraft:bread":1,"minecraft:stone_pickaxe":21,"minecraft:oak_planks":3,"minecraft:wooden_pickaxe":3,"minecraft:stripped_oak_log":1}},"DataVersion":3465}