{"stats":{"minecraft:crafted":{"minecraft:cherry_planks":20,"minecraft:crafting_table":2,"minecraft:stick":16,"minecraft:wooden_pickaxe":1,"minecraft:baked_potato":16,"minecraft:stone_pickaxe":2,"minecraft:air":0},"minecraft:custom":{"minecraft:time_since_rest":42831,"lootr:looted_stat":13,"minecraft:interact_with_furnace":10,"minecraft:sprint_one_cm":453000,"minecraft:damage_taken":3992,"minecraft:walk_one_cm":203179,"minecraft:drop":3,"minecraft:damage_dealt":34,"minecraft:interact_with_crafting_table":5,"minecraft:fly_one_cm":293485,"minecraft:open_chest":2,"minecraft:crouch_one_cm":252,"minecraft:play_time":98026,"minecraft:deaths":7,"minecraft:sneak_time":159,"minecraft:jump":1889,"minecraft:leave_game":8,"minecraft:time_since_death":42802,"minecraft:walk_on_water_one_cm":242,"minecraft:total_world_time":98026,"minecraft:fall_one_cm":51581},"minecraft:killed_by":{"minecraft:vindicator":5,"minecraft:player":1,"minecraft:pillager":1},"minecraft:mined":{"minecraft:pink_petals":1,"minecraft:iron_ore":7,"minecraft:andesite":5,"treechop:chopped_log":1,"minecraft:pointed_dripstone":3,"minecraft:coal_ore":41,"minecraft:dirt":9,"minecraft:stone":167,"croptopia:cabbage_crop":1},"minecraft:broken":{"minecraft:stone_pickaxe":1,"minecraft:wooden_pickaxe":1},"minecraft:dropped":{"universal_graves:grave_compass":1,"minecraft:apple":2},"minecraft:picked_up":{"minecraft:pink_petals":23,"minecraft:stick":5,"minecraft:raw_iron":7,"minecraft:andesite":5,"minecraft:wooden_pickaxe":1,"croptopia:cabbage_seed":1,"minecraft:cherry_log":16,"minecraft:pointed_dripstone":3,"minecraft:dirt":10,"minecraft:wheat_seeds":1,"bettermcdonaldsmod:lettuce_seeds":2,"minecraft:iron_ingot":15,"minecraft:cherry_sapling":11,"minecraft:coal":41,"croptopia:cabbage":1,"minecraft:cobblestone":168,"minecraft:egg":2},"minecraft:used":{"minecraft:apple":5,"minecraft:bread":12,"minecraft:stone_pickaxe":164,"minecraft:baked_potato":4,"minecraft:wooden_pickaxe":59,"minecraft:pink_petals":1,"minecraft:crafting_table":2,"minecraft:carrot":5,"minecraft:andesite":2,"minecraft:potato":7}},"DataVersion":3465}