{"stats":{"minecraft:custom":{"minecraft:time_since_rest":9151,"minecraft:crouch_one_cm":252,"minecraft:play_time":42044,"lootr:looted_stat":6,"minecraft:sprint_one_cm":112961,"minecraft:deaths":2,"minecraft:damage_taken":1000,"minecraft:walk_one_cm":83701,"minecraft:sneak_time":113,"minecraft:drop":2,"minecraft:jump":520,"minecraft:leave_game":3,"minecraft:time_since_death":9123,"minecraft:total_world_time":42044,"minecraft:fall_one_cm":19051,"minecraft:fly_one_cm":97829},"minecraft:killed_by":{"minecraft:player":1,"minecraft:pillager":1},"minecraft:mined":{"minecraft:dirt":9},"minecraft:dropped":{"minecraft:apple":2},"minecraft:picked_up":{"minecraft:pink_petals":20,"minecraft:wheat_seeds":1,"bettermcdonaldsmod:lettuce_seeds":2,"minecraft:dirt":10},"minecraft:used":{"minecraft:apple":3,"minecraft:carrot":5,"minecraft:potato":7}},"DataVersion":3465}