{"stats":{"minecraft:crafted":{"minecraft:cherry_planks":20,"minecraft:crafting_table":2,"minecraft:wooden_pickaxe":1,"minecraft:stone_pickaxe":1},"minecraft:custom":{"minecraft:time_since_rest":13012,"lootr:looted_stat":9,"minecraft:sprint_one_cm":234732,"minecraft:damage_taken":3772,"minecraft:walk_one_cm":145032,"minecraft:drop":3,"minecraft:damage_dealt":34,"minecraft:interact_with_crafting_table":2,"minecraft:fly_one_cm":194136,"minecraft:crouch_one_cm":252,"minecraft:play_time":68207,"minecraft:deaths":7,"minecraft:sneak_time":114,"minecraft:jump":1265,"minecraft:leave_game":4,"minecraft:time_since_death":12983,"minecraft:total_world_time":68207,"minecraft:fall_one_cm":35998},"minecraft:killed_by":{"minecraft:vindicator":5,"minecraft:player":1,"minecraft:pillager":1},"minecraft:broken":{"minecraft:wooden_pickaxe":1},"minecraft:mined":{"minecraft:pink_petals":1,"treechop:chopped_log":1,"minecraft:dirt":9,"minecraft:stone":139,"croptopia:cabbage_crop":1},"minecraft:dropped":{"universal_graves:grave_compass":1,"minecraft:apple":2},"minecraft:picked_up":{"minecraft:pink_petals":23,"minecraft:stick":5,"croptopia:cabbage_seed":1,"minecraft:cherry_log":16,"minecraft:dirt":10,"minecraft:wheat_seeds":1,"bettermcdonaldsmod:lettuce_seeds":2,"minecraft:cherry_sapling":11,"croptopia:cabbage":1,"minecraft:cobblestone":137},"minecraft:used":{"minecraft:apple":5,"minecraft:bread":6,"minecraft:stone_pickaxe":80,"minecraft:wooden_pickaxe":59,"minecraft:pink_petals":1,"minecraft:crafting_table":2,"minecraft:carrot":5,"minecraft:potato":7}},"DataVersion":3465}