{"stats":{"minecraft:crafted":{"minecraft:cherry_planks":20,"minecraft:oak_planks":56,"minecraft:crafting_table":3,"minecraft:wooden_pickaxe":3,"minecraft:baked_potato":16,"minecraft:stone_axe":1,"minecraft:air":0,"minecraft:stick":24,"minecraft:stone_pickaxe":2},"minecraft:custom":{"lootr:looted_stat":14,"minecraft:interact_with_furnace":10,"minecraft:interact_with_crafting_table":12,"minecraft:leave_game":14,"minecraft:time_since_death":7924,"minecraft:climb_one_cm":799,"minecraft:time_since_rest":7954,"minecraft:sprint_one_cm":671170,"minecraft:damage_taken":6469,"minecraft:walk_one_cm":418550,"minecraft:drop":17,"minecraft:damage_dealt":84,"minecraft:damage_dealt_absorbed":75,"minecraft:swim_one_cm":12107,"minecraft:fly_one_cm":466177,"minecraft:open_chest":2,"minecraft:crouch_one_cm":1044,"minecraft:play_time":182259,"minecraft:deaths":13,"minecraft:sneak_time":663,"minecraft:walk_under_water_one_cm":15641,"minecraft:jump":3104,"minecraft:walk_on_water_one_cm":10367,"minecraft:total_world_time":182259,"minecraft:fall_one_cm":83084,"minecraft:horse_one_cm":726},"minecraft:killed_by":{"minecraft:vindicator":5,"minecraft:player":3,"minecraft:pillager":1,"minecraft:bee":4},"minecraft:mined":{"minecraft:cobblestone":1,"minecraft:oak_planks":2,"minecraft:pink_petals":1,"minecraft:iron_ore":7,"minecraft:andesite":10,"treechop:chopped_log":4,"minecraft:grass":5,"minecraft:coal_ore":57,"minecraft:pointed_dripstone":3,"minecraft:oak_log":8,"minecraft:dirt":12,"the_bumblezone:honey_crystal":5,"minecraft:stone":177,"croptopia:cabbage_crop":1},"minecraft:broken":{"minecraft:stone_pickaxe":1,"minecraft:wooden_pickaxe":1},"minecraft:dropped":{"minecraft:baked_potato":1,"croptopia:cabbage_seed":1,"minecraft:pointed_dripstone":3,"universal_graves:grave_compass":6,"minecraft:apple":2,"croptopia:blueberry_seed":1,"bettermcdonaldsmod:tomato_seeds":2,"minecraft:cherry_planks":1,"artifacts:cross_necklace":1,"duckling:duck_egg":1,"minecraft:egg":3},"minecraft:picked_up":{"minecraft:pink_petals":23,"minecraft:iron_chestplate":1,"the_bumblezone:honey_crystal_shards":5,"minecraft:andesite":9,"minecraft:wooden_pickaxe":1,"croptopia:cabbage_seed":1,"minecraft:oak_log":46,"minecraft:shield":1,"croptopia:blueberry_seed":2,"minecraft:dirt":12,"minecraft:iron_leggings":1,"the_bumblezone:empty_honeycomb_brood_block":1,"universal_graves:grave_compass":3,"minecraft:wheat_seeds":2,"minecraft:iron_ingot":15,"bettermcdonaldsmod:tomato_seeds":2,"minecraft:iron_sword":1,"minecraft:oak_planks":1,"duckling:duck_egg":3,"minecraft:egg":3,"minecraft:stick":16,"minecraft:raw_iron":7,"croptopia:plum":8,"minecraft:cherry_log":16,"minecraft:pointed_dripstone":6,"bettermcdonaldsmod:lettuce_seeds":5,"the_bumblezone:pollen_puff":42,"artifacts:cross_necklace":1,"minecraft:cherry_sapling":11,"minecraft:oak_sapling":13,"minecraft:coal":57,"croptopia:cabbage":1,"minecraft:cobblestone":176},"minecraft:used":{"the_bumblezone:empty_honeycomb_brood_block":1,"minecraft:stone_pickaxe":207,"minecraft:baked_potato":15,"minecraft:wooden_pickaxe":62,"minecraft:iron_sword":5,"minecraft:dirt":2,"minecraft:crafting_table":3,"minecraft:carrot":5,"minecraft:apple":5,"minecraft:bread":20,"minecraft:stone_axe":22,"minecraft:pink_petals":1,"minecraft:cobblestone":2,"minecraft:andesite":7,"minecraft:potato":7,"minecraft:iron_leggings":1}},"DataVersion":3465}