{"stats":{"minecraft:crafted":{"minecraft:oak_planks":112,"minecraft:diamond_helmet":1,"minecraft:crafting_table":6,"minecraft:iron_helmet":1,"minecraft:diamond_pickaxe":1,"minecraft:shield":2,"minecraft:stick":32,"minecraft:iron_ingot":21,"minecraft:iron_pickaxe":1,"minecraft:gold_ingot":20,"hybrid-aquatic:ghost_crab_claw":2,"minecraft:furnace":3,"minecraft:diamond_block":1,"minecraft:diamond":9,"minecraft:iron_axe":1,"minecraft:diamond_boots":1,"minecraft:wheat":90,"minecraft:cooked_beef":7,"minecraft:crimson_planks":8,"minecraft:diamond_sword":1,"minecraft:bucket":1,"minecraft:bread":30,"basicshields:diamond_shield":1,"minecraft:golden_apple":7,"minecraft:raw_gold":9,"minecraft:torch":88,"minecraft:lapis_lazuli":36,"minecraft:diamond_chestplate":1},"minecraft:custom":{"lootr:looted_stat":114,"minecraft:interact_with_crafting_table":57,"minecraft:open_barrel":9,"minecraft:eat_cake_slice":2,"minecraft:leave_game":10,"minecraft:time_since_death":51331,"minecraft:sprint_one_cm":954703,"minecraft:damage_blocked_by_shield":6315,"minecraft:drop":130,"minecraft:play_time":367973,"minecraft:deaths":28,"minecraft:jump":3947,"minecraft:walk_on_water_one_cm":21376,"minecraft:enchant_item":11,"minecraft:interact_with_furnace":23,"minecraft:traded_with_villager":2,"minecraft:interact_with_cartography_table":1,"minecraft:open_enderchest":1,"minecraft:damage_dealt":16959,"minecraft:player_kills":2,"minecraft:crouch_one_cm":140357,"minecraft:interact_with_smithing_table":2,"minecraft:interact_with_anvil":32,"minecraft:mob_kills":163,"minecraft:climb_one_cm":40904,"minecraft:walk_one_cm":1139797,"minecraft:damage_dealt_absorbed":3535,"minecraft:sneak_time":42966,"minecraft:walk_under_water_one_cm":27350,"minecraft:interact_with_blast_furnace":1,"minecraft:total_world_time":367973,"minecraft:tune_noteblock":1,"minecraft:time_since_rest":51370,"minecraft:damage_taken":17908,"minecraft:damage_absorbed":323,"minecraft:swim_one_cm":31492,"minecraft:fly_one_cm":1310657,"minecraft:open_chest":18,"minecraft:fall_one_cm":206090},"minecraft:killed":{"minecraft:zombified_piglin":14,"graveyard:skeleton_creeper":2,"minecraft:spider":2,"betternether:firefly":2,"the_bumblezone:honey_slime":4,"minecraft:skeleton":38,"minecraft:bee":110,"minecraft:piglin_brute":2,"enderzoology:fallen_knight":2,"betternether:hydrogen_jellyfish":2,"minecraft:magma_cube":54,"minecraft:creeper":2,"minecraft:pillager":4,"tinyskeletons:baby_skeleton":4,"minecraft:zombie":10,"minecraft:blaze":8,"minecraft:vindicator":2,"minecraft:wither_skeleton":32},"minecraft:killed_by":{"minecraft:wither_skeleton":2,"minecraft:piglin_brute":4,"minecraft:creeper":2,"graveyard:skeleton_creeper":1,"minecraft:vindicator":2,"minecraft:player":2,"bosses_of_mass_destruction:gauntlet":4,"bosses_of_mass_destruction:void_blossom":1,"minecraft:bee":4,"minecraft:skeleton":2},"minecraft:broken":{"minecraft:iron_boots":1,"the_bumblezone:honey_crystal_shield":1,"minecraft:shield":1,"minecraft:iron_pickaxe":1},"minecraft:mined":{"winterly:raw_cryomarble_shard":2,"minecraft:blackstone_stairs":10,"minecraft:oak_sapling":1,"geode_plus:medium_diamond_bud":2,"minecraft:sculk_vein":5,"minecraft:obsidian":4,"minecraft:potted_dead_bush":1,"minecraft:granite":9,"minecraft:grass_block":44,"geode_plus:small_emerald_bud":1,"geode_plus:echo_crystal":2,"minecraft:polished_blackstone_bricks":19,"minecraft:sculk_catalyst":1,"minecraft:iron_ore":15,"minecraft:cobbled_deepslate":7,"minecraft:fire":10,"minecraft:deepslate_lapis_ore":1,"minecraft:anvil":2,"the_bumblezone:honeycomb_brood_block":1,"minecraft:nether_brick_stairs":1,"minecraft:sculk_shrieker":1,"minecraft:pointed_dripstone":4,"minecraft:oak_stairs":1,"minecraft:iron_block":1,"minecraft:deepslate_redstone_ore":5,"minecraft:blackstone":6,"geode_plus:emerald_cluster":1,"minecraft:torch":2,"minecraft:chest":4,"minecraft:cobblestone":18,"minecraft:honeycomb_block":18,"minecraft:damaged_anvil":1,"minecraft:oak_planks":11,"minecraft:wall_torch":4,"the_bumblezone:porous_honeycomb_block":4,"minecraft:pink_petals":3,"geode_plus:diamond_crystal":5,"lootr:trophy":1,"minecraft:lapis_block":4,"croptopia:tomatillo_crop":1,"minecraft:stripped_oak_wood":1,"minecraft:grass":12,"minecraft:oak_log":17,"minecraft:dirt":34,"minecraft:crimson_planks":6,"minecraft:ancient_debris":2,"minecraft:netherrack":1,"minecraft:oak_leaves":4,"minecraft:deepslate":206,"minecraft:nether_gold_ore":2,"minecraft:tuff":40,"minecraft:mossy_cobblestone":3,"minecraft:deepslate_diamond_ore":3,"croptopia:kale_crop":1,"minecraft:white_stained_glass":2,"the_bumblezone:filled_porous_honeycomb_block":1,"minecraft:moss_block":1,"minecraft:hay_block":10,"minecraft:raw_gold_block":1,"minecraft:andesite":21,"croptopia:blueberry_crop":1,"treechop:chopped_log":2,"croptopia:peach_crop":1,"minecraft:gold_block":2,"minecraft:mossy_stone_brick_stairs":2,"minecraft:deepslate_iron_ore":3,"minecraft:stripped_oak_log":2,"croptopia:elderberry_crop":1,"the_bumblezone:honey_crystal":1,"minecraft:stone":54,"minecraft:ender_chest":1,"minecraft:smithing_table":1,"geode_plus:small_diamond_bud":4,"randomium:randomium_ore_deepslate":2,"minecraft:basalt":2,"minecraft:crafting_table":5,"minecraft:honey_block":5,"minecraft:emerald_ore":1,"minecraft:sculk_sensor":9,"minecraft:tall_grass":2,"minecraft:deepslate_gold_ore":21,"minecraft:polished_blackstone_brick_stairs":2,"minecraft:sculk":29,"minecraft:black_stained_glass":1,"minecraft:coarse_dirt":1,"orpheus:deepslate_tears_of_hades_ore":14,"minecraft:coal_ore":91,"geode_plus:budding_deepslate_diamond":2,"minecraft:gravel":2,"minecraft:dripstone_block":1,"geode_plus:large_emerald_bud":2,"minecraft:cobweb":1,"minecraft:cracked_stone_bricks":5,"geode_plus:large_diamond_bud":4,"minecraft:polished_blackstone":7,"minecraft:stone_bricks":9,"minecraft:chipped_anvil":2,"minecraft:mossy_stone_bricks":3,"minecraft:gold_ore":4},"minecraft:dropped":{"minecraft:nether_brick_stairs":1,"bettermcdonaldsmod:lettuce_seeds":1,"minecraft:diamond":3,"croptopia:elderberry_seed":1,"minecraft:cracked_stone_bricks":2,"minecraft:red_carpet":1,"minecraft:red_mushroom":1,"minecraft:emerald":1,"croptopia:tomato_seed":2,"bettermcdonaldsmod:tomato_seeds":3,"minecraft:dirt":93,"artifacts:charm_of_sinking":1,"croptopia:barley_seed":1,"minecraft:iron_pickaxe":1,"minecraft:stripped_oak_wood":1,"minecraft:gold_ingot":2,"minecraft:gravel":32,"the_bumblezone:empty_honeycomb_brood_block":1,"minecraft:diamond_block":1,"minecraft:cobbled_deepslate":59,"minecraft:rotten_flesh":12,"universal_graves:grave_compass":5,"minecraft:oak_planks":16,"minecraft:glowstone_dust":1,"minecraft:warped_sign":2,"travelersbackpack:bat":1,"minecraft:poppy":1,"minecraft:skeleton_skull":1,"promenade:blunite":6,"minecraft:spruce_slab":3,"minecraft:iron_bars":5,"croptopia:tea_seed":1,"minecraft:quartz":1,"minecraft:netherrack":1,"minecraft:enchanted_book":1,"minecraft:bread":2,"minecraft:mossy_cobblestone":2,"minecraft:dripstone_block":2,"minecraft:diamond_leggings":2,"minecraft:iron_helmet":3,"minecraft:cobblestone":19,"minecraft:granite":18,"minecraft:spruce_stairs":1,"mca:book_romance":1,"croptopia:tomato":1,"minecraft:dead_bush":1,"minecraft:iron_leggings":2,"the_bumblezone:porous_honeycomb_block":4,"minecraft:string":2,"minecraft:redstone":14,"croptopia:elderberry":1,"minecraft:moss_carpet":2,"weaponworks:diamond_greatsword":1,"handcrafted:birch_counter":1,"minecraft:stone_sword":1,"minecraft:cobblestone_wall":1,"minecraft:tuff":40,"minecraft:experience_bottle":1,"minecraft:iron_boots":4,"minecraft:spruce_fence":1,"minecraft:filled_map":1,"minecraft:diamond_sword":2,"minecraft:flower_pot":1,"minecraft:iron_chestplate":2,"minecraft:andesite":26,"minecraft:mossy_stone_bricks":2,"artifacts:antidote_vessel":1,"minecraft:stone_bricks":2,"minecraft:spider_eye":1,"minecraft:diamond_boots":2,"minecraft:bow":2,"minecraft:stripped_spruce_wood":1},"minecraft:picked_up":{"minecraft:iron_chestplate":1,"travelersbackpack:bat":2,"minecraft:flower_pot":1,"minecraft:anvil":2,"minecraft:smithing_table":1,"minecraft:diamond_sword":4,"minecraft:oak_stairs":1,"minecraft:enchanted_book":1,"minecraft:crimson_planks":6,"minecraft:lapis_block":4,"minecraft:polished_blackstone_brick_stairs":7,"minecraft:string":3,"minecraft:cooked_salmon":13,"minecraft:iron_leggings":2,"universal_graves:grave_compass":6,"minecraft:experience_bottle":1,"minecraft:diamond_leggings":3,"minecraft:gold_nugget":42,"minecraft:cobbled_deepslate":208,"croptopia:blueberry":1,"minecraft:enchanted_golden_apple":2,"hangglider:hang_glider":1,"bettermcdonaldsmod:happy_meal":1,"minecraft:iron_boots":5,"croptopia:barley_seed":2,"minecraft:torch":70,"minecraft:spruce_stairs":2,"minecraft:honeycomb_block":19,"minecraft:pointed_dripstone":8,"minecraft:stone_sword":3,"minecraft:rotten_flesh":26,"orpheus:stoic_meditative_stone":2,"weaponworks:diamond_greatsword":2,"croptopia:elderberry":1,"minecraft:blaze_rod":4,"minecraft:obsidian":4,"minecraft:iron_bars":5,"minecraft:cobblestone":76,"minecraft:pink_petals":11,"minecraft:cooked_beef":7,"minecraft:iron_door":1,"minecraft:andesite":33,"minecraft:potato":45,"minecraft:tuff":40,"minecraft:stripped_spruce_wood":4,"minecraft:wither_skeleton_skull":2,"croptopia:blueberry_seed":2,"minecraft:lapis_lazuli":8,"minecraft:dirt":152,"lootr:trophy":2,"the_bumblezone:honey_compass":1,"minecraft:chipped_anvil":2,"minecraft:bone":61,"minecraft:bow":4,"minecraft:raw_gold":25,"minecraft:mossy_stone_bricks":2,"minecraft:diamond_helmet":1,"minecraft:glowstone_dust":1,"promenade:blueberries":6,"minecraft:moss_block":2,"minecraft:oak_planks":208,"minecraft:mossy_stone_brick_stairs":1,"handcrafted:birch_counter":1,"minecraft:nether_brick_stairs":1,"minecraft:dead_bush":1,"minecraft:diamond_block":1,"winterly:cryomarble_shard":2,"naturalist:duck_egg":1,"minecraft:mossy_cobblestone":3,"croptopia:cherry":1,"wildlife:raw_stingray":1,"minecraft:sugar":1,"minecraft:diamond":29,"minecraft:soul_lantern":1,"minecraft:cracked_polished_blackstone_bricks":1,"minecraft:granite":18,"the_bumblezone:honey_crystal_shield":1,"minecraft:bread":30,"minecraft:emerald":52,"minecraft:oak_sapling":3,"minecraft:netherrack":1,"minecraft:diamond_pickaxe":2,"the_bumblezone:porous_honeycomb_block":6,"minecraft:crafting_table":7,"croptopia:peach":11,"minecraft:gold_block":2,"promenade:blunite":6,"minecraft:moss_carpet":2,"minecraft:iron_axe":1,"artifacts:feral_claws":1,"the_bumblezone:empty_honeycomb_brood_block":1,"minecraft:blackstone":5,"minecraft:cracked_stone_bricks":4,"croptopia:tomatillo":1,"croptopia:tomato_seed":2,"minecraft:echo_shard":8,"lookinsharp:withering_artifact":3,"minecraft:poppy":1,"minecraft:spruce_slab":8,"minecraft:egg":1,"minecraft:raw_iron":32,"minecraft:raw_gold_block":1,"minecraft:glow_item_frame":2,"minecraft:spruce_fence":1,"minecraft:polished_blackstone_bricks":28,"fwaystones:waystone":1,"minecraft:stone_button":1,"minecraft:redstone":18,"minecraft:arrow":35,"minecraft:diamond_chestplate":1,"minecraft:diamond_boots":1,"minecraft:hay_block":10,"minecraft:warped_sign":2,"minecraft:gold_ingot":4,"minecraft:skeleton_skull":1,"orpheus:tears_of_hades":14,"minecraft:basalt":2,"minecraft:golden_carrot":4,"minecraft:crimson_stem":2,"minecraft:red_mushroom":1,"minecraft:oak_log":42,"minecraft:ancient_debris":2,"artifacts:cloud_in_a_bottle":1,"minecraft:cobblestone_wall":1,"minecraft:red_carpet":2,"minecraft:apple":13,"minecraft:stone_bricks":7,"minecraft:stripped_oak_wood":1,"bettermcdonaldsmod:tomato_seeds":5,"croptopia:tomato":1,"croptopia:elderberry_seed":1,"croptopia:starfruit":1,"minecraft:quartz":1,"minecraft:dripstone_block":3,"minecraft:gravel":32,"minecraft:lava_bucket":1,"minecraft:amethyst_shard":14,"minecraft:red_banner":1,"croptopia:tea_seed":1,"minecraft:orange_candle":1,"minecraft:spider_eye":1,"minecraft:slime_ball":1,"minecraft:iron_helmet":3,"bettermcdonaldsmod:lettuce_seeds":5,"the_bumblezone:pollen_puff":18,"minecraft:diamond_axe":1,"minecraft:damaged_anvil":1,"minecraft:coal":151,"minecraft:ender_pearl":1},"minecraft:used":{"fwaystones:waystone":1,"minecraft:shield":208,"minecraft:iron_sword":110,"lootr:trophy":3,"weaponworks:diamond_greatsword":154,"minecraft:lava_bucket":16,"minecraft:iron_helmet":1,"minecraft:stone_bricks":1,"minecraft:bow":61,"minecraft:oak_sapling":1,"minecraft:furnace":3,"minecraft:egg":1,"minecraft:diamond_boots":1,"minecraft:oak_planks":215,"minecraft:blackstone":5,"minecraft:ender_pearl":1,"naturalist:duck_egg":1,"minecraft:golden_apple":9,"bettermcdonaldsmod:happy_meal":1,"the_bumblezone:honey_compass":1,"minecraft:bread":106,"minecraft:diamond_sword":180,"minecraft:andesite":6,"minecraft:experience_bottle":66,"minecraft:trident":5,"travelersbackpack:bat":4,"minecraft:torch":80,"the_bumblezone:honey_crystal_shield":5,"minecraft:dirt":56,"minecraft:anvil":2,"minecraft:diamond_helmet":1,"the_bumblezone:porous_honeycomb_block":1,"minecraft:orange_candle":1,"minecraft:chipped_anvil":1,"minecraft:iron_axe":89,"minecraft:polished_blackstone_brick_stairs":7,"minecraft:iron_boots":1,"minecraft:crimson_planks":14,"minecraft:basalt":2,"minecraft:golden_carrot":5,"minecraft:cobbled_deepslate":149,"minecraft:iron_leggings":1,"minecraft:polished_blackstone_bricks":28,"minecraft:cracked_stone_bricks":2,"minecraft:mossy_cobblestone":1,"the_bumblezone:pollen_puff":16,"minecraft:crafting_table":11,"minecraft:diamond_pickaxe":277,"minecraft:apple":2,"minecraft:cracked_polished_blackstone_bricks":1,"minecraft:iron_pickaxe":448,"minecraft:cobblestone":12,"minecraft:bucket":17,"minecraft:diamond_leggings":2}},"DataVersion":3465}