{"stats":{"minecraft:crafted":{"minecraft:oak_planks":240,"minecraft:glass":44,"minecraft:diamond_helmet":1,"minecraft:chest":3,"minecraft:crafting_table":8,"minecraft:iron_helmet":1,"minecraft:birch_planks":28,"minecraft:diamond_pickaxe":1,"minecraft:shield":2,"minecraft:stick":72,"torchbowmod:torchbow":1,"minecraft:iron_ingot":21,"minecraft:iron_pickaxe":1,"minecraft:gold_ingot":48,"minecraft:oak_door":3,"hybrid-aquatic:ghost_crab_claw":2,"minecraft:furnace":5,"minecraft:diamond_block":1,"minecraft:flint_and_steel":2,"minecraft:diamond":9,"minecraft:iron_axe":1,"minecraft:diamond_boots":1,"minecraft:wheat":144,"minecraft:cooked_beef":7,"minecraft:coal_block":1,"minecraft:crimson_planks":8,"minecraft:diamond_sword":1,"minecraft:bucket":1,"minecraft:bread":48,"basicshields:diamond_shield":1,"minecraft:golden_apple":9,"minecraft:raw_gold":9,"minecraft:torch":200,"minecraft:lapis_lazuli":36,"minecraft:diamond_chestplate":1},"minecraft:custom":{"lootr:looted_stat":166,"minecraft:interact_with_crafting_table":76,"minecraft:open_barrel":9,"minecraft:eat_cake_slice":6,"minecraft:leave_game":12,"minecraft:time_since_death":14047,"minecraft:damage_resisted":108,"minecraft:sprint_one_cm":1503379,"minecraft:damage_blocked_by_shield":7380,"minecraft:drop":186,"minecraft:play_time":547468,"minecraft:deaths":37,"minecraft:jump":6232,"minecraft:interact_with_brewingstand":2,"minecraft:walk_on_water_one_cm":27614,"minecraft:enchant_item":29,"minecraft:interact_with_furnace":31,"minecraft:traded_with_villager":2,"minecraft:interact_with_cartography_table":1,"minecraft:open_enderchest":1,"minecraft:damage_dealt":23259,"minecraft:player_kills":2,"minecraft:crouch_one_cm":194125,"minecraft:horse_one_cm":11669,"minecraft:interact_with_smithing_table":2,"minecraft:interact_with_anvil":47,"minecraft:mob_kills":217,"minecraft:climb_one_cm":41623,"minecraft:walk_one_cm":1713180,"minecraft:damage_dealt_absorbed":3535,"minecraft:sneak_time":61034,"minecraft:walk_under_water_one_cm":28732,"minecraft:interact_with_lectern":1,"minecraft:interact_with_blast_furnace":1,"minecraft:total_world_time":547468,"minecraft:tune_noteblock":1,"minecraft:time_since_rest":14082,"minecraft:damage_taken":24000,"minecraft:damage_absorbed":669,"minecraft:swim_one_cm":35267,"minecraft:fly_one_cm":2335318,"minecraft:open_chest":67,"minecraft:fall_one_cm":362324},"minecraft:killed":{"illagerinvasion:archivist":2,"minecraft:zombified_piglin":14,"graveyard:skeleton_creeper":2,"minecraft:spider":2,"betternether:firefly":2,"the_bumblezone:honey_slime":4,"minecraft:skeleton":48,"minecraft:bee":110,"minecraft:piglin_brute":8,"enderzoology:fallen_knight":2,"betternether:hydrogen_jellyfish":4,"minecraft:magma_cube":54,"minecraft:piglin":2,"minecraft:creeper":2,"minecraft:pillager":4,"tinyskeletons:baby_skeleton":4,"minecraft:zombie":46,"minecraft:blaze":10,"minecraft:vindicator":4,"betternether:naga":12,"minecraft:wither_skeleton":34},"minecraft:killed_by":{"minecraft:piglin_brute":5,"minecraft:wither_skeleton":2,"minecraft:creeper":2,"graveyard:skeleton_creeper":1,"minecraft:vindicator":2,"minecraft:zombie":4,"minecraft:player":2,"bosses_of_mass_destruction:gauntlet":6,"bosses_of_mass_destruction:void_blossom":1,"minecraft:bee":4,"minecraft:skeleton":2},"minecraft:broken":{"minecraft:iron_boots":1,"the_bumblezone:honey_crystal_shield":1,"minecraft:shield":1,"minecraft:iron_pickaxe":1},"minecraft:mined":{"winterly:raw_cryomarble_shard":2,"minecraft:blue_carpet":1,"minecraft:blackstone_stairs":10,"minecraft:oak_sapling":1,"betternether:bone_block":1,"geode_plus:medium_diamond_bud":2,"minecraft:red_nether_bricks":3,"minecraft:sculk_vein":5,"minecraft:light_blue_carpet":3,"minecraft:obsidian":8,"minecraft:cave_vines_plant":11,"minecraft:potted_dead_bush":1,"minecraft:granite":9,"minecraft:grass_block":215,"minecraft:yellow_carpet":1,"minecraft:cracked_polished_blackstone_bricks":8,"randomium:randomium_ore":1,"geode_plus:small_emerald_bud":1,"minecraft:spawner":6,"geode_plus:echo_crystal":2,"minecraft:polished_blackstone_bricks":71,"bosses_of_mass_destruction:void_lily":1,"minecraft:magma_block":20,"minecraft:sculk_catalyst":1,"betternether:jungle_grass":2,"minecraft:dark_oak_trapdoor":1,"minecraft:iron_ore":15,"minecraft:cobbled_deepslate":7,"minecraft:fire":15,"minecraft:anvil":3,"minecraft:deepslate_lapis_ore":1,"the_bumblezone:honeycomb_brood_block":1,"minecraft:nether_brick_stairs":1,"minecraft:sculk_shrieker":1,"minecraft:pointed_dripstone":4,"minecraft:cave_vines":11,"minecraft:oak_stairs":1,"minecraft:green_carpet":5,"minecraft:iron_block":1,"minecraft:deepslate_redstone_ore":5,"minecraft:blackstone":7,"geode_plus:emerald_cluster":1,"minecraft:torch":3,"minecraft:chest":4,"minecraft:glass":1,"minecraft:cobblestone":23,"minecraft:honeycomb_block":18,"minecraft:damaged_anvil":1,"minecraft:oak_planks":18,"minecraft:wall_torch":8,"the_bumblezone:porous_honeycomb_block":4,"minecraft:skeleton_skull":1,"minecraft:pink_petals":3,"geode_plus:diamond_crystal":5,"lootr:trophy":1,"minecraft:lapis_block":4,"minecraft:birch_log":4,"croptopia:tomatillo_crop":1,"minecraft:stripped_oak_wood":1,"betternether:egg_plant":3,"minecraft:grass":14,"minecraft:oak_log":41,"minecraft:dirt":226,"minecraft:sand":47,"minecraft:crimson_planks":6,"minecraft:netherrack":2,"minecraft:ancient_debris":5,"minecraft:oak_leaves":6,"minecraft:deepslate":237,"minecraft:nether_gold_ore":2,"minecraft:tuff":40,"minecraft:red_carpet":5,"minecraft:mossy_cobblestone":3,"minecraft:deepslate_diamond_ore":3,"minecraft:oak_door":1,"croptopia:kale_crop":1,"minecraft:nether_bricks":41,"minecraft:white_stained_glass":2,"the_bumblezone:filled_porous_honeycomb_block":1,"minecraft:moss_block":4,"minecraft:cracked_nether_bricks":25,"minecraft:hay_block":23,"bosses_of_mass_destruction:void_blossom":2,"minecraft:raw_gold_block":1,"croptopia:blueberry_crop":1,"minecraft:andesite":21,"treechop:chopped_log":7,"minecraft:gold_block":2,"croptopia:peach_crop":1,"minecraft:mossy_stone_brick_stairs":2,"minecraft:deepslate_iron_ore":3,"minecraft:stripped_oak_log":3,"croptopia:elderberry_crop":1,"the_bumblezone:honey_crystal":1,"minecraft:stone":268,"minecraft:bone_block":1,"minecraft:ender_chest":1,"minecraft:smithing_table":1,"minecraft:glass_pane":2,"geode_plus:small_diamond_bud":4,"randomium:randomium_ore_deepslate":2,"minecraft:basalt":4,"croptopia:sweetpotato_crop":1,"minecraft:crafting_table":5,"minecraft:honey_block":5,"minecraft:emerald_ore":1,"minecraft:sculk_sensor":9,"minecraft:tall_grass":6,"minecraft:deepslate_gold_ore":34,"minecraft:polished_blackstone_brick_stairs":2,"minecraft:sculk":29,"minecraft:black_stained_glass":1,"minecraft:coarse_dirt":1,"minecraft:bee_nest":1,"orpheus:deepslate_tears_of_hades_ore":14,"minecraft:coal_ore":109,"geode_plus:budding_deepslate_diamond":2,"minecraft:gravel":26,"minecraft:dripstone_block":1,"geode_plus:large_emerald_bud":2,"minecraft:gray_carpet":6,"minecraft:cobweb":1,"minecraft:cracked_stone_bricks":5,"minecraft:stone_bricks":9,"minecraft:polished_blackstone":7,"geode_plus:large_diamond_bud":4,"minecraft:chipped_anvil":2,"minecraft:mossy_stone_bricks":3,"minecraft:gold_ore":4},"minecraft:dropped":{"minecraft:nether_brick_stairs":1,"minecraft:spruce_sign":1,"minecraft:moss_block":6,"minecraft:glass_bottle":1,"bettermcdonaldsmod:lettuce_seeds":2,"minecraft:diamond":3,"croptopia:elderberry_seed":1,"minecraft:cracked_stone_bricks":2,"graveyard:corruption":1,"orpheus:orpheus_lyre":1,"minecraft:red_carpet":1,"minecraft:red_mushroom":1,"minecraft:emerald":1,"croptopia:tomato_seed":2,"bettermcdonaldsmod:tomato_seeds":5,"minecraft:dirt":371,"croptopia:sweetpotato_seed":1,"artifacts:charm_of_sinking":1,"croptopia:barley_seed":1,"minecraft:iron_pickaxe":1,"minecraft:stripped_oak_wood":1,"minecraft:gold_ingot":2,"minecraft:oak_door":1,"minecraft:gravel":32,"the_bumblezone:empty_honeycomb_brood_block":1,"minecraft:diamond_block":1,"minecraft:cobbled_deepslate":83,"minecraft:obsidian":8,"minecraft:rotten_flesh":12,"universal_graves:grave_compass":6,"minecraft:oak_planks":16,"minecraft:glowstone_dust":1,"minecraft:warped_sign":2,"travelersbackpack:bat":1,"minecraft:poppy":1,"betternether:basalt_stalactite":41,"minecraft:trident":1,"minecraft:gunpowder":1,"minecraft:skeleton_skull":1,"promenade:blunite":6,"bosses_of_mass_destruction:blazing_eye":1,"minecraft:spruce_slab":3,"minecraft:iron_bars":5,"croptopia:tea_seed":1,"minecraft:quartz":1,"minecraft:netherrack":1,"minecraft:enchanted_book":1,"minecraft:bread":2,"minecraft:wheat_seeds":1,"minecraft:mossy_cobblestone":2,"minecraft:dripstone_block":2,"minecraft:diamond_leggings":2,"minecraft:iron_helmet":3,"minecraft:cobblestone":33,"croptopia:sweetpotato":1,"minecraft:granite":18,"minecraft:spruce_stairs":1,"mca:book_romance":1,"croptopia:tomato":1,"minecraft:dead_bush":1,"minecraft:iron_leggings":2,"the_bumblezone:porous_honeycomb_block":6,"minecraft:string":2,"minecraft:gray_carpet":6,"minecraft:redstone":14,"croptopia:elderberry":1,"minecraft:moss_carpet":2,"weaponworks:diamond_greatsword":1,"handcrafted:birch_counter":1,"minecraft:stone_sword":1,"minecraft:cobblestone_wall":1,"minecraft:tuff":40,"minecraft:experience_bottle":1,"minecraft:iron_boots":4,"minecraft:spruce_fence":1,"minecraft:filled_map":1,"minecraft:diamond_sword":2,"minecraft:flower_pot":1,"minecraft:iron_chestplate":2,"minecraft:andesite":26,"minecraft:mossy_stone_bricks":2,"artifacts:antidote_vessel":1,"minecraft:oak_sapling":6,"minecraft:stone_bricks":2,"minecraft:spider_eye":1,"minecraft:diamond_boots":2,"minecraft:bow":3,"minecraft:stripped_spruce_wood":1},"minecraft:picked_up":{"minecraft:iron_chestplate":1,"travelersbackpack:bat":2,"minecraft:anvil":3,"minecraft:flower_pot":1,"croptopia:tomatillo_seed":1,"minecraft:smithing_table":1,"minecraft:diamond_sword":4,"minecraft:oak_stairs":1,"artifacts:chorus_totem":1,"minecraft:enchanted_book":1,"croptopia:calamari":1,"betternether:bone_block":1,"minecraft:crimson_planks":6,"minecraft:lapis_block":4,"minecraft:polished_blackstone_brick_stairs":7,"minecraft:string":3,"minecraft:dark_oak_trapdoor":1,"minecraft:cooked_salmon":13,"minecraft:red_nether_bricks":3,"minecraft:iron_leggings":2,"universal_graves:grave_compass":8,"minecraft:experience_bottle":1,"minecraft:diamond_leggings":3,"minecraft:gold_nugget":42,"minecraft:cobbled_deepslate":287,"croptopia:blueberry":1,"minecraft:enchanted_golden_apple":2,"hangglider:hang_glider":1,"bettermcdonaldsmod:happy_meal":1,"minecraft:iron_boots":5,"minecraft:stick":6,"croptopia:barley_seed":2,"minecraft:torch":88,"minecraft:spruce_stairs":2,"minecraft:honeycomb_block":19,"minecraft:pointed_dripstone":8,"minecraft:stone_sword":3,"minecraft:rotten_flesh":58,"orpheus:stoic_meditative_stone":2,"weaponworks:diamond_greatsword":2,"croptopia:elderberry":2,"minecraft:blaze_rod":4,"minecraft:obsidian":13,"minecraft:iron_bars":5,"minecraft:cobblestone":318,"minecraft:birch_log":7,"minecraft:pink_petals":11,"minecraft:cooked_beef":7,"minecraft:magma_cream":3,"minecraft:iron_door":1,"minecraft:andesite":33,"minecraft:potato":45,"minecraft:flint":2,"minecraft:tuff":40,"minecraft:stripped_spruce_wood":4,"minecraft:wither_skeleton_skull":2,"lootr:trophy":2,"croptopia:blueberry_seed":2,"minecraft:lapis_lazuli":8,"minecraft:dirt":502,"minecraft:lantern":1,"the_bumblezone:honey_compass":1,"minecraft:bone":85,"minecraft:chipped_anvil":2,"croptopia:sweetpotato":2,"minecraft:bow":5,"minecraft:wheat_seeds":1,"minecraft:raw_gold":40,"minecraft:mossy_stone_bricks":2,"minecraft:diamond_helmet":1,"minecraft:glowstone_dust":1,"promenade:blueberries":6,"minecraft:moss_block":14,"minecraft:oak_planks":215,"minecraft:mossy_stone_brick_stairs":1,"handcrafted:birch_counter":1,"betternether:blackstone_stalactite":1,"minecraft:sand":44,"minecraft:nether_brick_stairs":1,"minecraft:dead_bush":1,"minecraft:diamond_block":1,"winterly:cryomarble_shard":2,"naturalist:duck_egg":1,"minecraft:mossy_cobblestone":3,"croptopia:cherry":1,"wildlife:raw_stingray":1,"minecraft:sugar":1,"minecraft:yellow_carpet":1,"minecraft:diamond":29,"minecraft:soul_lantern":1,"minecraft:lever":1,"minecraft:cracked_polished_blackstone_bricks":8,"the_bumblezone:honey_crystal_shield":1,"minecraft:granite":18,"minecraft:golden_apple":10,"minecraft:spruce_sign":1,"minecraft:bread":30,"minecraft:emerald":56,"minecraft:oak_sapling":26,"minecraft:netherrack":1,"minecraft:diamond_pickaxe":3,"the_bumblezone:porous_honeycomb_block":6,"minecraft:crafting_table":7,"croptopia:peach":11,"croptopia:sweetpotato_seed":1,"minecraft:gold_block":2,"promenade:blunite":6,"minecraft:moss_carpet":2,"minecraft:iron_axe":1,"artifacts:feral_claws":1,"the_bumblezone:empty_honeycomb_brood_block":1,"minecraft:blackstone":5,"graveyard:corruption":2,"minecraft:cracked_stone_bricks":4,"croptopia:tomatillo":2,"croptopia:tomato_seed":2,"minecraft:echo_shard":8,"lookinsharp:withering_artifact":3,"minecraft:poppy":1,"minecraft:spruce_slab":8,"minecraft:egg":1,"minecraft:raw_iron":32,"minecraft:raw_gold_block":1,"minecraft:oak_door":1,"minecraft:glow_item_frame":2,"minecraft:spruce_fence":1,"minecraft:polished_blackstone_bricks":91,"fwaystones:waystone":1,"minecraft:stone_button":1,"minecraft:trident":1,"minecraft:redstone":18,"minecraft:blue_carpet":1,"minecraft:arrow":50,"minecraft:diamond_chestplate":1,"minecraft:nether_bricks":40,"minecraft:diamond_boots":1,"minecraft:hay_block":22,"mutantmonsters:mutant_skeleton_rib":2,"minecraft:warped_sign":2,"minecraft:gold_ingot":4,"betternether:basalt_stalactite":41,"minecraft:bone_block":1,"minecraft:glow_berries":8,"minecraft:skeleton_skull":2,"orpheus:tears_of_hades":14,"minecraft:stripped_oak_log":1,"minecraft:basalt":5,"minecraft:golden_carrot":4,"minecraft:crimson_stem":2,"minecraft:red_mushroom":1,"minecraft:packed_mud":1,"minecraft:oak_log":98,"minecraft:ancient_debris":5,"artifacts:cloud_in_a_bottle":1,"minecraft:gunpowder":2,"minecraft:cobblestone_wall":1,"mutantmonsters:mutant_skeleton_limb":1,"minecraft:paper":1,"minecraft:red_carpet":7,"minecraft:apple":16,"minecraft:gray_carpet":6,"minecraft:stone_bricks":7,"minecraft:stripped_oak_wood":1,"bettermcdonaldsmod:tomato_seeds":7,"croptopia:tomato":1,"croptopia:elderberry_seed":3,"orpheus:orpheus_lyre":1,"croptopia:starfruit":1,"minecraft:quartz":1,"minecraft:cracked_nether_bricks":25,"minecraft:dripstone_block":3,"minecraft:gravel":49,"minecraft:lava_bucket":1,"minecraft:amethyst_shard":14,"minecraft:red_banner":1,"croptopia:tea_seed":1,"minecraft:orange_candle":1,"minecraft:green_carpet":5,"minecraft:spider_eye":1,"minecraft:slime_ball":1,"minecraft:light_blue_carpet":3,"minecraft:iron_helmet":3,"bettermcdonaldsmod:lettuce_seeds":6,"the_bumblezone:pollen_puff":18,"minecraft:diamond_axe":1,"minecraft:baked_potato":2,"minecraft:damaged_anvil":1,"minecraft:coal":179,"minecraft:ender_pearl":1},"minecraft:used":{"fwaystones:waystone":1,"minecraft:bone_block":1,"minecraft:chest":3,"minecraft:shield":208,"minecraft:iron_sword":110,"lootr:trophy":3,"weaponworks:diamond_greatsword":318,"minecraft:obsidian":9,"minecraft:glass":22,"minecraft:lava_bucket":25,"friendsandfoes:totem_of_illusion":1,"minecraft:iron_helmet":1,"minecraft:stone_bricks":1,"minecraft:bow":89,"minecraft:hay_block":1,"minecraft:furnace":5,"minecraft:oak_sapling":1,"minecraft:egg":1,"minecraft:diamond_boots":1,"minecraft:oak_planks":379,"minecraft:blackstone":5,"minecraft:ender_pearl":1,"naturalist:duck_egg":1,"minecraft:golden_apple":19,"bettermcdonaldsmod:happy_meal":1,"the_bumblezone:honey_compass":1,"minecraft:bread":130,"minecraft:diamond_sword":180,"minecraft:andesite":6,"minecraft:experience_bottle":66,"minecraft:trident":60,"minecraft:flint_and_steel":2,"minecraft:cooked_salmon":13,"travelersbackpack:bat":4,"minecraft:oak_door":3,"minecraft:torch":87,"the_bumblezone:honey_crystal_shield":5,"minecraft:dirt":104,"minecraft:anvil":3,"minecraft:diamond_helmet":1,"the_bumblezone:porous_honeycomb_block":1,"betternether:bone_block":1,"minecraft:orange_candle":1,"minecraft:chipped_anvil":1,"minecraft:iron_axe":168,"minecraft:polished_blackstone_brick_stairs":7,"minecraft:iron_boots":1,"minecraft:crimson_planks":14,"minecraft:basalt":4,"minecraft:golden_carrot":5,"minecraft:cobbled_deepslate":162,"minecraft:iron_leggings":1,"minecraft:cracked_stone_bricks":2,"minecraft:polished_blackstone_bricks":28,"minecraft:mossy_cobblestone":1,"the_bumblezone:pollen_puff":16,"minecraft:crafting_table":13,"minecraft:oak_log":22,"minecraft:diamond_pickaxe":746,"minecraft:apple":2,"minecraft:diamond_shovel":419,"minecraft:cracked_polished_blackstone_bricks":2,"minecraft:iron_pickaxe":448,"torchbowmod:torchbow":33,"minecraft:potion":4,"minecraft:cobblestone":165,"minecraft:bucket":26,"minecraft:diamond_leggings":2}},"DataVersion":3465}