{"stats":{"minecraft:picked_up":{"minecraft:pink_petals":9,"minecraft:iron_chestplate":2,"minecraft:crafting_table":1,"minecraft:oak_door":1,"croptopia:broccoli_seed":1,"croptopia:broccoli":1,"minecraft:cherry_log":10,"minecraft:shield":1,"minecraft:dirt":5,"minecraft:red_bed":2,"minecraft:arrow":3,"minecraft:bone":1,"bettermcdonaldsmod:lettuce_seeds":3,"minecraft:hay_block":10,"minecraft:crossbow":1,"minecraft:rose_bush":2,"minecraft:cherry_sapling":15,"minecraft:bread":14},"minecraft:crafted":{"minecraft:cherry_planks":40,"minecraft:iron_boots":1,"minecraft:crafting_table":1,"minecraft:stick":28,"minecraft:iron_helmet":1,"minecraft:iron_leggings":1,"minecraft:bread":18,"minecraft:wheat":54},"minecraft:custom":{"minecraft:time_since_rest":7454,"lootr:looted_stat":8,"minecraft:sprint_one_cm":83607,"minecraft:damage_taken":3806,"minecraft:walk_one_cm":115267,"minecraft:damage_blocked_by_shield":90,"minecraft:drop":3,"minecraft:damage_dealt":55,"minecraft:player_kills":3,"minecraft:interact_with_crafting_table":6,"minecraft:fly_one_cm":31427,"minecraft:crouch_one_cm":2443,"minecraft:play_time":31629,"minecraft:deaths":10,"minecraft:sneak_time":576,"minecraft:walk_under_water_one_cm":821,"minecraft:jump":259,"minecraft:leave_game":2,"minecraft:time_since_death":7401,"minecraft:walk_on_water_one_cm":343,"minecraft:climb_one_cm":3715,"minecraft:total_world_time":31629,"minecraft:fall_one_cm":18176},"minecraft:dropped":{"minecraft:bread":14,"minecraft:iron_chestplate":1,"minecraft:iron_pickaxe":1},"minecraft:used":{"minecraft:cherry_sapling":2,"minecraft:bread":7,"minecraft:shield":4,"minecraft:iron_chestplate":1,"minecraft:pink_petals":1,"minecraft:dirt":5,"minecraft:crafting_table":1,"minecraft:crossbow":3},"minecraft:mined":{"minecraft:pink_petals":5,"minecraft:hay_block":10,"minecraft:red_bed":2,"minecraft:fire":34,"minecraft:crafting_table":1,"minecraft:grass":11,"minecraft:grass_block":2,"minecraft:rose_bush":2,"minecraft:dirt":3,"croptopia:broccoli_crop":1},"minecraft:killed_by":{"minecraft:skeleton":1,"minecraft:pillager":1}},"DataVersion":3465}