{"stats":{"minecraft:crafted":{"minecraft:oak_planks":112,"minecraft:crafting_table":4,"minecraft:iron_helmet":1,"minecraft:diamond_pickaxe":1,"minecraft:shield":2,"minecraft:stick":32,"minecraft:iron_ingot":7,"minecraft:iron_pickaxe":1,"minecraft:gold_ingot":18,"hybrid-aquatic:ghost_crab_claw":2,"minecraft:furnace":1,"minecraft:diamond_block":1,"minecraft:diamond":9,"minecraft:iron_axe":1,"minecraft:wheat":90,"minecraft:cooked_beef":7,"minecraft:crimson_planks":8,"minecraft:diamond_sword":1,"minecraft:bucket":1,"minecraft:bread":30,"minecraft:raw_gold":9,"minecraft:torch":88,"minecraft:lapis_lazuli":36,"minecraft:diamond_chestplate":1},"minecraft:custom":{"lootr:looted_stat":102,"minecraft:interact_with_crafting_table":40,"minecraft:open_barrel":8,"minecraft:leave_game":7,"minecraft:time_since_death":303,"minecraft:sprint_one_cm":769263,"minecraft:damage_blocked_by_shield":5940,"minecraft:drop":105,"minecraft:play_time":262009,"minecraft:deaths":22,"minecraft:jump":2764,"minecraft:walk_on_water_one_cm":12072,"minecraft:interact_with_furnace":19,"minecraft:traded_with_villager":2,"minecraft:interact_with_cartography_table":1,"minecraft:open_enderchest":1,"minecraft:damage_dealt":8487,"minecraft:crouch_one_cm":106983,"minecraft:interact_with_smithing_table":2,"minecraft:interact_with_anvil":17,"minecraft:mob_kills":83,"minecraft:climb_one_cm":25955,"minecraft:walk_one_cm":832697,"minecraft:sneak_time":33405,"minecraft:walk_under_water_one_cm":19760,"minecraft:interact_with_blast_furnace":1,"minecraft:total_world_time":262009,"minecraft:tune_noteblock":1,"minecraft:time_since_rest":446,"minecraft:damage_taken":14132,"minecraft:damage_absorbed":323,"minecraft:swim_one_cm":21313,"minecraft:fly_one_cm":991240,"minecraft:open_chest":18,"minecraft:fall_one_cm":162173},"minecraft:killed":{"minecraft:zombified_piglin":6,"graveyard:skeleton_creeper":2,"minecraft:spider":2,"betternether:firefly":2,"minecraft:skeleton":30,"minecraft:piglin_brute":2,"enderzoology:fallen_knight":2,"minecraft:magma_cube":54,"betternether:hydrogen_jellyfish":2,"minecraft:creeper":2,"minecraft:pillager":2,"tinyskeletons:baby_skeleton":4,"minecraft:zombie":8,"minecraft:blaze":8,"minecraft:wither_skeleton":32},"minecraft:killed_by":{"minecraft:wither_skeleton":2,"minecraft:piglin_brute":4,"minecraft:creeper":2,"graveyard:skeleton_creeper":1,"minecraft:vindicator":2,"minecraft:player":1,"bosses_of_mass_destruction:gauntlet":4,"bosses_of_mass_destruction:void_blossom":1,"minecraft:skeleton":1},"minecraft:broken":{"minecraft:iron_boots":1,"minecraft:shield":1,"minecraft:iron_pickaxe":1},"minecraft:mined":{"winterly:raw_cryomarble_shard":2,"minecraft:blackstone_stairs":10,"minecraft:oak_sapling":1,"geode_plus:medium_diamond_bud":2,"minecraft:sculk_vein":5,"minecraft:obsidian":4,"minecraft:potted_dead_bush":1,"minecraft:granite":9,"minecraft:grass_block":43,"geode_plus:small_emerald_bud":1,"geode_plus:echo_crystal":2,"minecraft:polished_blackstone_bricks":19,"minecraft:sculk_catalyst":1,"minecraft:iron_ore":15,"minecraft:fire":10,"minecraft:cobbled_deepslate":7,"minecraft:deepslate_lapis_ore":1,"minecraft:anvil":2,"minecraft:nether_brick_stairs":1,"minecraft:sculk_shrieker":1,"minecraft:pointed_dripstone":4,"minecraft:oak_stairs":1,"minecraft:iron_block":1,"minecraft:deepslate_redstone_ore":5,"minecraft:blackstone":6,"geode_plus:emerald_cluster":1,"minecraft:torch":2,"minecraft:chest":4,"minecraft:cobblestone":18,"minecraft:damaged_anvil":1,"minecraft:oak_planks":6,"minecraft:wall_torch":4,"minecraft:pink_petals":3,"geode_plus:diamond_crystal":5,"lootr:trophy":1,"minecraft:lapis_block":4,"croptopia:tomatillo_crop":1,"minecraft:grass":11,"minecraft:oak_log":17,"minecraft:dirt":34,"minecraft:crimson_planks":6,"minecraft:ancient_debris":2,"minecraft:netherrack":1,"minecraft:oak_leaves":4,"minecraft:deepslate":206,"minecraft:nether_gold_ore":2,"minecraft:tuff":40,"minecraft:mossy_cobblestone":3,"minecraft:deepslate_diamond_ore":3,"croptopia:kale_crop":1,"minecraft:white_stained_glass":2,"minecraft:hay_block":10,"minecraft:raw_gold_block":1,"croptopia:blueberry_crop":1,"minecraft:andesite":21,"treechop:chopped_log":2,"croptopia:peach_crop":1,"minecraft:gold_block":2,"minecraft:mossy_stone_brick_stairs":2,"minecraft:deepslate_iron_ore":3,"minecraft:stripped_oak_log":2,"croptopia:elderberry_crop":1,"minecraft:stone":23,"minecraft:ender_chest":1,"minecraft:smithing_table":1,"geode_plus:small_diamond_bud":4,"randomium:randomium_ore_deepslate":2,"minecraft:basalt":2,"minecraft:crafting_table":5,"minecraft:emerald_ore":1,"minecraft:sculk_sensor":9,"minecraft:tall_grass":1,"minecraft:deepslate_gold_ore":21,"minecraft:polished_blackstone_brick_stairs":2,"minecraft:sculk":29,"minecraft:black_stained_glass":1,"minecraft:coarse_dirt":1,"orpheus:deepslate_tears_of_hades_ore":14,"minecraft:coal_ore":91,"geode_plus:budding_deepslate_diamond":2,"minecraft:gravel":2,"minecraft:dripstone_block":1,"minecraft:cobweb":1,"geode_plus:large_emerald_bud":2,"minecraft:cracked_stone_bricks":5,"geode_plus:large_diamond_bud":4,"minecraft:polished_blackstone":7,"minecraft:stone_bricks":9,"minecraft:chipped_anvil":2,"minecraft:mossy_stone_bricks":3,"minecraft:gold_ore":4},"minecraft:dropped":{"minecraft:nether_brick_stairs":1,"bettermcdonaldsmod:lettuce_seeds":1,"minecraft:diamond":3,"croptopia:elderberry_seed":1,"minecraft:cracked_stone_bricks":2,"minecraft:red_mushroom":1,"minecraft:emerald":1,"croptopia:tomato_seed":2,"bettermcdonaldsmod:tomato_seeds":3,"minecraft:dirt":17,"artifacts:charm_of_sinking":1,"croptopia:barley_seed":1,"minecraft:iron_pickaxe":1,"minecraft:gold_ingot":2,"minecraft:gravel":32,"minecraft:diamond_block":1,"minecraft:cobbled_deepslate":59,"minecraft:rotten_flesh":10,"universal_graves:grave_compass":4,"minecraft:oak_planks":16,"minecraft:glowstone_dust":1,"minecraft:warped_sign":2,"travelersbackpack:bat":1,"minecraft:poppy":1,"promenade:blunite":6,"minecraft:spruce_slab":3,"minecraft:iron_bars":5,"croptopia:tea_seed":1,"minecraft:quartz":1,"minecraft:netherrack":1,"minecraft:bread":2,"minecraft:mossy_cobblestone":2,"minecraft:dripstone_block":2,"minecraft:iron_helmet":2,"minecraft:cobblestone":19,"minecraft:granite":18,"minecraft:spruce_stairs":1,"mca:book_romance":1,"croptopia:tomato":1,"minecraft:iron_leggings":2,"minecraft:dead_bush":1,"minecraft:string":2,"minecraft:redstone":14,"croptopia:elderberry":1,"handcrafted:birch_counter":1,"minecraft:stone_sword":1,"minecraft:cobblestone_wall":1,"minecraft:tuff":40,"minecraft:iron_boots":3,"minecraft:spruce_fence":1,"minecraft:filled_map":1,"minecraft:diamond_sword":1,"minecraft:flower_pot":1,"minecraft:iron_chestplate":2,"minecraft:andesite":26,"minecraft:mossy_stone_bricks":2,"artifacts:antidote_vessel":1,"minecraft:spider_eye":1,"minecraft:stone_bricks":2,"minecraft:bow":2},"minecraft:picked_up":{"minecraft:iron_chestplate":1,"travelersbackpack:bat":1,"minecraft:flower_pot":1,"minecraft:anvil":2,"minecraft:smithing_table":1,"minecraft:diamond_sword":1,"minecraft:oak_stairs":1,"minecraft:crimson_planks":6,"minecraft:lapis_block":4,"minecraft:polished_blackstone_brick_stairs":7,"minecraft:string":3,"minecraft:iron_leggings":2,"universal_graves:grave_compass":2,"minecraft:cobbled_deepslate":208,"minecraft:gold_nugget":19,"croptopia:blueberry":1,"bettermcdonaldsmod:happy_meal":1,"minecraft:iron_boots":4,"croptopia:barley_seed":2,"minecraft:torch":14,"minecraft:spruce_stairs":2,"minecraft:pointed_dripstone":8,"minecraft:stone_sword":3,"minecraft:rotten_flesh":15,"orpheus:stoic_meditative_stone":1,"croptopia:elderberry":1,"minecraft:blaze_rod":2,"minecraft:obsidian":4,"minecraft:iron_bars":5,"minecraft:cobblestone":45,"minecraft:pink_petals":11,"minecraft:iron_door":1,"minecraft:andesite":33,"minecraft:tuff":40,"minecraft:wither_skeleton_skull":1,"croptopia:blueberry_seed":2,"minecraft:lapis_lazuli":8,"minecraft:dirt":112,"lootr:trophy":1,"minecraft:chipped_anvil":2,"minecraft:bone":38,"minecraft:bow":2,"minecraft:raw_gold":25,"minecraft:mossy_stone_bricks":2,"promenade:blueberries":6,"minecraft:glowstone_dust":1,"minecraft:moss_block":1,"minecraft:oak_planks":80,"minecraft:mossy_stone_brick_stairs":1,"handcrafted:birch_counter":1,"minecraft:nether_brick_stairs":1,"minecraft:dead_bush":1,"minecraft:diamond_block":1,"winterly:cryomarble_shard":2,"minecraft:mossy_cobblestone":3,"croptopia:cherry":1,"wildlife:raw_stingray":1,"minecraft:diamond":29,"minecraft:soul_lantern":1,"minecraft:cracked_polished_blackstone_bricks":1,"minecraft:granite":18,"minecraft:bread":2,"minecraft:emerald":51,"minecraft:oak_sapling":3,"minecraft:netherrack":1,"minecraft:crafting_table":5,"croptopia:peach":11,"minecraft:gold_block":2,"promenade:blunite":6,"minecraft:iron_axe":1,"minecraft:blackstone":5,"minecraft:cracked_stone_bricks":4,"croptopia:tomatillo":1,"croptopia:tomato_seed":2,"minecraft:echo_shard":8,"lookinsharp:withering_artifact":3,"minecraft:poppy":1,"minecraft:spruce_slab":6,"minecraft:egg":1,"minecraft:raw_iron":18,"minecraft:raw_gold_block":1,"minecraft:spruce_fence":1,"minecraft:polished_blackstone_bricks":28,"fwaystones:waystone":1,"minecraft:stone_button":1,"minecraft:redstone":18,"minecraft:arrow":20,"minecraft:hay_block":10,"minecraft:warped_sign":2,"minecraft:gold_ingot":2,"orpheus:tears_of_hades":14,"minecraft:basalt":2,"minecraft:crimson_stem":2,"minecraft:red_mushroom":1,"minecraft:oak_log":42,"minecraft:ancient_debris":2,"minecraft:cobblestone_wall":1,"minecraft:red_carpet":1,"minecraft:apple":1,"minecraft:stone_bricks":7,"bettermcdonaldsmod:tomato_seeds":5,"croptopia:tomato":1,"croptopia:elderberry_seed":1,"minecraft:quartz":1,"minecraft:dripstone_block":3,"minecraft:gravel":32,"minecraft:red_banner":1,"croptopia:tea_seed":1,"minecraft:spider_eye":1,"minecraft:slime_ball":1,"bettermcdonaldsmod:lettuce_seeds":5,"minecraft:iron_helmet":2,"minecraft:damaged_anvil":1,"minecraft:coal":95},"minecraft:used":{"fwaystones:waystone":1,"minecraft:shield":208,"minecraft:iron_sword":110,"lootr:trophy":1,"minecraft:lava_bucket":16,"minecraft:iron_helmet":1,"minecraft:stone_bricks":1,"minecraft:bow":61,"minecraft:oak_sapling":1,"minecraft:furnace":1,"minecraft:egg":1,"minecraft:blackstone":5,"minecraft:golden_apple":9,"bettermcdonaldsmod:happy_meal":1,"minecraft:bread":81,"minecraft:diamond_sword":143,"minecraft:andesite":6,"minecraft:experience_bottle":1,"travelersbackpack:bat":3,"minecraft:torch":79,"minecraft:dirt":56,"minecraft:anvil":1,"minecraft:chipped_anvil":1,"minecraft:iron_axe":65,"minecraft:polished_blackstone_brick_stairs":7,"minecraft:iron_boots":1,"minecraft:crimson_planks":14,"minecraft:basalt":2,"minecraft:golden_carrot":1,"minecraft:cobbled_deepslate":149,"minecraft:iron_leggings":1,"minecraft:polished_blackstone_bricks":28,"minecraft:cracked_stone_bricks":2,"minecraft:mossy_cobblestone":1,"minecraft:crafting_table":7,"minecraft:diamond_pickaxe":226,"minecraft:apple":2,"minecraft:cracked_polished_blackstone_bricks":1,"minecraft:iron_pickaxe":447,"minecraft:cobblestone":12,"minecraft:bucket":17,"minecraft:diamond_leggings":1}},"DataVersion":3465}