{"stats":{"minecraft:picked_up":{"minecraft:pink_petals":6,"bettermcdonaldsmod:lettuce_seeds":1,"minecraft:hay_block":4,"minecraft:dirt":2},"minecraft:crafted":{"minecraft:bread":12,"minecraft:wheat":36},"minecraft:custom":{"minecraft:time_since_rest":4093,"minecraft:walk_one_cm":17821,"minecraft:play_time":6284,"minecraft:crouch_one_cm":106,"lootr:looted_stat":5,"minecraft:sprint_one_cm":34792,"minecraft:damage_taken":725,"minecraft:deaths":1,"minecraft:sneak_time":58,"minecraft:jump":52,"minecraft:time_since_death":4060,"minecraft:total_world_time":6284,"minecraft:interact_with_crafting_table":1,"minecraft:fall_one_cm":7437,"minecraft:fly_one_cm":7529},"minecraft:used":{"minecraft:apple":2,"minecraft:dirt":1},"minecraft:mined":{"minecraft:pink_petals":2,"minecraft:hay_block":4,"minecraft:grass_block":2},"minecraft:killed_by":{"minecraft:vindicator":1}},"DataVersion":3465}