{"stats":{"minecraft:crafted":{"minecraft:oak_planks":48,"hybrid-aquatic:ghost_crab_claw":2,"minecraft:furnace":1,"minecraft:diamond_block":1,"minecraft:diamond":9,"minecraft:iron_axe":1,"minecraft:wheat":90,"minecraft:cooked_beef":7,"minecraft:crimson_planks":8,"minecraft:diamond_sword":1,"minecraft:crafting_table":4,"minecraft:iron_helmet":1,"minecraft:bucket":1,"minecraft:bread":30,"minecraft:diamond_pickaxe":1,"minecraft:shield":1,"minecraft:raw_gold":9,"minecraft:stick":32,"minecraft:iron_ingot":7,"minecraft:iron_pickaxe":1,"minecraft:gold_ingot":18,"minecraft:torch":88,"minecraft:diamond_chestplate":1},"minecraft:custom":{"minecraft:interact_with_smithing_table":2,"lootr:looted_stat":59,"minecraft:interact_with_anvil":17,"minecraft:mob_kills":56,"minecraft:interact_with_crafting_table":35,"minecraft:open_barrel":5,"minecraft:leave_game":5,"minecraft:time_since_death":5993,"minecraft:climb_one_cm":1178,"minecraft:sprint_one_cm":488229,"minecraft:walk_one_cm":599293,"minecraft:damage_blocked_by_shield":5220,"minecraft:drop":54,"minecraft:play_time":191868,"minecraft:deaths":15,"minecraft:sneak_time":28667,"minecraft:walk_under_water_one_cm":8908,"minecraft:jump":1793,"minecraft:walk_on_water_one_cm":3873,"minecraft:total_world_time":191868,"minecraft:interact_with_furnace":19,"minecraft:traded_with_villager":2,"minecraft:interact_with_cartography_table":1,"minecraft:time_since_rest":6027,"minecraft:damage_taken":9569,"minecraft:damage_absorbed":204,"minecraft:damage_dealt":4269,"minecraft:swim_one_cm":9991,"minecraft:fly_one_cm":546636,"minecraft:open_chest":11,"minecraft:crouch_one_cm":91664,"minecraft:fall_one_cm":87640},"minecraft:killed":{"graveyard:skeleton_creeper":2,"minecraft:skeleton":18,"minecraft:piglin_brute":2,"betternether:hydrogen_jellyfish":2,"minecraft:magma_cube":54,"minecraft:pillager":2,"tinyskeletons:baby_skeleton":4,"minecraft:zombie":6,"minecraft:wither_skeleton":12,"minecraft:blaze":4},"minecraft:killed_by":{"minecraft:player":1,"minecraft:wither_skeleton":2,"bosses_of_mass_destruction:gauntlet":4,"bosses_of_mass_destruction:void_blossom":1,"minecraft:vindicator":2,"minecraft:skeleton":1},"minecraft:broken":{"minecraft:iron_boots":1,"minecraft:shield":1,"minecraft:iron_pickaxe":1},"minecraft:mined":{"minecraft:nether_gold_ore":2,"winterly:raw_cryomarble_shard":2,"minecraft:tuff":40,"minecraft:oak_sapling":1,"minecraft:mossy_cobblestone":2,"minecraft:deepslate_diamond_ore":3,"geode_plus:medium_diamond_bud":2,"minecraft:obsidian":4,"minecraft:potted_dead_bush":1,"minecraft:granite":9,"minecraft:grass_block":32,"minecraft:white_stained_glass":2,"geode_plus:small_emerald_bud":1,"geode_plus:echo_crystal":2,"minecraft:hay_block":10,"minecraft:polished_blackstone_bricks":13,"minecraft:sculk_catalyst":1,"minecraft:raw_gold_block":1,"minecraft:iron_ore":15,"minecraft:cobbled_deepslate":7,"minecraft:andesite":21,"treechop:chopped_log":1,"minecraft:anvil":2,"minecraft:deepslate_lapis_ore":1,"minecraft:nether_brick_stairs":1,"croptopia:peach_crop":1,"minecraft:gold_block":2,"minecraft:sculk_shrieker":1,"minecraft:pointed_dripstone":4,"minecraft:deepslate_iron_ore":3,"minecraft:oak_stairs":1,"minecraft:stripped_oak_log":2,"minecraft:stone":23,"minecraft:iron_block":1,"minecraft:smithing_table":1,"minecraft:deepslate_redstone_ore":5,"geode_plus:emerald_cluster":1,"geode_plus:small_diamond_bud":4,"minecraft:blackstone":3,"randomium:randomium_ore_deepslate":2,"minecraft:crafting_table":4,"minecraft:torch":2,"minecraft:emerald_ore":1,"minecraft:sculk_sensor":9,"minecraft:cobblestone":18,"minecraft:deepslate_gold_ore":21,"minecraft:oak_planks":6,"minecraft:damaged_anvil":1,"minecraft:sculk":29,"minecraft:wall_torch":3,"minecraft:pink_petals":3,"geode_plus:diamond_crystal":5,"minecraft:grass":5,"orpheus:deepslate_tears_of_hades_ore":14,"minecraft:coal_ore":91,"minecraft:oak_log":7,"geode_plus:budding_deepslate_diamond":2,"minecraft:dirt":23,"minecraft:gravel":2,"minecraft:dripstone_block":1,"minecraft:crimson_planks":6,"geode_plus:large_emerald_bud":2,"minecraft:cobweb":1,"minecraft:cracked_stone_bricks":3,"minecraft:stone_bricks":8,"geode_plus:large_diamond_bud":4,"minecraft:netherrack":1,"minecraft:ancient_debris":2,"minecraft:chipped_anvil":2,"minecraft:mossy_stone_bricks":3,"minecraft:gold_ore":4,"minecraft:deepslate":206},"minecraft:dropped":{"minecraft:nether_brick_stairs":1,"minecraft:bread":1,"bettermcdonaldsmod:lettuce_seeds":1,"minecraft:mossy_cobblestone":1,"minecraft:diamond":3,"minecraft:dripstone_block":2,"minecraft:cobblestone":19,"minecraft:granite":18,"minecraft:cracked_stone_bricks":2,"minecraft:emerald":1,"bettermcdonaldsmod:tomato_seeds":3,"artifacts:charm_of_sinking":1,"minecraft:dead_bush":1,"croptopia:barley_seed":1,"minecraft:iron_pickaxe":1,"minecraft:gold_ingot":2,"minecraft:redstone":14,"minecraft:gravel":32,"minecraft:diamond_block":1,"handcrafted:birch_counter":1,"minecraft:cobbled_deepslate":59,"minecraft:tuff":40,"minecraft:rotten_flesh":3,"universal_graves:grave_compass":2,"minecraft:oak_planks":16,"minecraft:warped_sign":2,"travelersbackpack:bat":1,"minecraft:flower_pot":1,"minecraft:andesite":26,"minecraft:iron_chestplate":1,"promenade:blunite":6,"minecraft:mossy_stone_bricks":2,"artifacts:antidote_vessel":1,"minecraft:stone_bricks":2,"minecraft:iron_bars":5,"minecraft:bow":2,"minecraft:netherrack":1},"minecraft:picked_up":{"minecraft:crafting_table":4,"travelersbackpack:bat":1,"minecraft:anvil":2,"croptopia:peach":11,"minecraft:flower_pot":1,"minecraft:smithing_table":1,"minecraft:oak_stairs":1,"minecraft:gold_block":2,"minecraft:crimson_planks":6,"promenade:blunite":6,"minecraft:polished_blackstone_brick_stairs":5,"minecraft:string":1,"universal_graves:grave_compass":1,"minecraft:blackstone":5,"minecraft:cracked_stone_bricks":2,"minecraft:gold_nugget":19,"minecraft:cobbled_deepslate":208,"minecraft:echo_shard":8,"lookinsharp:withering_artifact":1,"minecraft:egg":1,"minecraft:raw_iron":18,"minecraft:raw_gold_block":1,"croptopia:barley_seed":2,"minecraft:torch":12,"minecraft:polished_blackstone_bricks":22,"minecraft:pointed_dripstone":8,"minecraft:redstone":18,"minecraft:stone_sword":1,"minecraft:arrow":10,"minecraft:rotten_flesh":5,"minecraft:hay_block":10,"minecraft:warped_sign":2,"minecraft:gold_ingot":2,"minecraft:blaze_rod":1,"minecraft:obsidian":4,"minecraft:iron_bars":5,"orpheus:tears_of_hades":14,"minecraft:cobblestone":45,"minecraft:pink_petals":11,"minecraft:crimson_stem":2,"minecraft:andesite":32,"minecraft:red_mushroom":1,"minecraft:tuff":40,"minecraft:oak_log":12,"minecraft:ancient_debris":2,"minecraft:lapis_lazuli":8,"minecraft:dirt":56,"minecraft:bone":23,"minecraft:chipped_anvil":2,"minecraft:stone_bricks":6,"minecraft:bow":2,"minecraft:raw_gold":25,"bettermcdonaldsmod:tomato_seeds":5,"minecraft:mossy_stone_bricks":2,"minecraft:oak_planks":6,"handcrafted:birch_counter":1,"minecraft:quartz":1,"minecraft:dripstone_block":3,"minecraft:gravel":32,"minecraft:red_banner":1,"minecraft:nether_brick_stairs":1,"minecraft:dead_bush":1,"minecraft:diamond_block":1,"winterly:cryomarble_shard":2,"minecraft:mossy_cobblestone":2,"wildlife:raw_stingray":1,"minecraft:slime_ball":1,"minecraft:diamond":28,"minecraft:soul_lantern":1,"minecraft:cracked_polished_blackstone_bricks":1,"bettermcdonaldsmod:lettuce_seeds":3,"minecraft:granite":18,"minecraft:bread":1,"minecraft:emerald":51,"minecraft:oak_sapling":2,"minecraft:damaged_anvil":1,"minecraft:netherrack":1,"minecraft:coal":91},"minecraft:used":{"minecraft:shield":205,"minecraft:iron_sword":110,"travelersbackpack:bat":3,"minecraft:torch":79,"minecraft:dirt":53,"minecraft:anvil":1,"minecraft:lava_bucket":13,"minecraft:chipped_anvil":1,"minecraft:iron_axe":29,"minecraft:iron_helmet":1,"minecraft:crimson_planks":14,"minecraft:bow":50,"minecraft:furnace":1,"minecraft:egg":1,"minecraft:cobbled_deepslate":149,"minecraft:iron_leggings":1,"minecraft:blackstone":5,"minecraft:polished_blackstone_bricks":6,"minecraft:golden_apple":6,"minecraft:mossy_cobblestone":1,"minecraft:crafting_table":6,"minecraft:diamond_pickaxe":175,"minecraft:apple":2,"minecraft:cracked_polished_blackstone_bricks":1,"minecraft:bread":50,"minecraft:iron_pickaxe":447,"minecraft:diamond_sword":54,"minecraft:cobblestone":12,"minecraft:bucket":14,"minecraft:andesite":6,"minecraft:experience_bottle":1}},"DataVersion":3465}