{"stats":{"minecraft:crafted":{"minecraft:cooked_beef":7,"minecraft:oak_planks":24,"minecraft:shield":1,"minecraft:iron_axe":1,"minecraft:crafting_table":2,"minecraft:stick":32,"minecraft:iron_ingot":4,"minecraft:iron_helmet":1,"minecraft:furnace":1,"minecraft:torch":40,"minecraft:bread":30,"minecraft:wheat":90},"minecraft:custom":{"minecraft:time_since_rest":2358,"minecraft:interact_with_furnace":11,"lootr:looted_stat":23,"minecraft:sprint_one_cm":146717,"minecraft:damage_taken":2515,"minecraft:walk_one_cm":120432,"minecraft:damage_blocked_by_shield":15,"minecraft:mob_kills":1,"minecraft:drop":1,"minecraft:damage_dealt":209,"minecraft:interact_with_crafting_table":11,"minecraft:fly_one_cm":54139,"minecraft:open_chest":6,"minecraft:walk_under_water_one_cm":9,"minecraft:crouch_one_cm":10457,"minecraft:play_time":37211,"minecraft:deaths":3,"minecraft:sneak_time":2440,"minecraft:jump":398,"minecraft:leave_game":1,"minecraft:walk_on_water_one_cm":510,"minecraft:time_since_death":2325,"minecraft:total_world_time":37211,"minecraft:climb_one_cm":1178,"minecraft:fall_one_cm":29004},"minecraft:killed":{"minecraft:pillager":2},"minecraft:killed_by":{"minecraft:vindicator":2,"minecraft:player":1},"minecraft:mined":{"minecraft:pink_petals":3,"minecraft:hay_block":10,"minecraft:iron_ore":4,"treechop:chopped_log":1,"croptopia:peach_crop":1,"minecraft:torch":2,"minecraft:grass":4,"minecraft:oak_log":7,"minecraft:emerald_ore":1,"minecraft:grass_block":31,"minecraft:coal_ore":35,"minecraft:oak_stairs":1,"minecraft:white_stained_glass":2,"minecraft:dirt":23,"minecraft:stripped_oak_log":2,"minecraft:cobblestone":5,"minecraft:stone_bricks":3,"minecraft:stone":15,"minecraft:oak_planks":6,"minecraft:deepslate":4,"minecraft:wall_torch":2},"minecraft:dropped":{"croptopia:barley_seed":1},"minecraft:picked_up":{"minecraft:pink_petals":11,"minecraft:raw_iron":4,"croptopia:barley_seed":2,"croptopia:peach":11,"minecraft:torch":4,"minecraft:dripstone_block":1,"minecraft:oak_stairs":1,"minecraft:oak_log":12,"minecraft:dirt":56,"minecraft:slime_ball":1,"minecraft:stone_bricks":3,"minecraft:cobbled_deepslate":6,"bettermcdonaldsmod:lettuce_seeds":3,"minecraft:hay_block":10,"minecraft:emerald":1,"bettermcdonaldsmod:tomato_seeds":1,"minecraft:oak_sapling":2,"minecraft:oak_planks":6,"minecraft:coal":35,"minecraft:cobblestone":24},"minecraft:used":{"minecraft:apple":2,"minecraft:iron_axe":17,"minecraft:bread":7,"minecraft:iron_pickaxe":82,"minecraft:iron_helmet":1,"minecraft:shield":1,"minecraft:iron_sword":11,"minecraft:torch":23,"minecraft:dirt":53,"minecraft:cobblestone":3,"minecraft:crafting_table":2,"minecraft:furnace":1,"minecraft:cobbled_deepslate":5,"minecraft:iron_leggings":1}},"DataVersion":3465}