{"stats":{"minecraft:crafted":{"grassoverhaul:dirt_sod_patch":14,"basicshields:wooden_shield":1,"minecraft:oak_planks":68,"minecraft:cobblestone_slab":2,"minecraft:stone_shovel":1,"minecraft:oak_sign":3,"snowyspirit:sled_oak":1,"minecraft:furnace":1,"weaponworks:stone_greatsword":1,"minecraft:stone":10,"minecraft:cobblestone_stairs":2,"immersive_armors:wooden_chestplate":1,"minecraft:oak_trapdoor":2,"minecraft:stone_stairs":1,"minecraft:ladder":3,"minecraft:stone_pickaxe":4,"minecraft:chest":3,"immersive_armors:wooden_helmet":1,"minecraft:emerald":1,"minecraft:crafting_table":2,"immersive_armors:wooden_leggings":1,"minecraft:bucket":1,"minecraft:stone_axe":1,"minecraft:bread":7,"minecraft:air":0,"immersive_armors:wooden_boots":1,"minecraft:shield":1,"minecraft:stone_slab":4,"minecraft:stick":20,"minecraft:flint":8,"minecraft:iron_ingot":28,"minecraft:iron_pickaxe":1,"minecraft:stonecutter":1,"minecraft:acacia_planks":20},"minecraft:custom":{"lootr:looted_stat":27,"minecraft:mob_kills":14,"minecraft:interact_with_crafting_table":61,"goblintraders:trade_with_goblin":19,"minecraft:leave_game":16,"minecraft:time_since_death":121434,"minecraft:climb_one_cm":4787,"minecraft:sprint_one_cm":449335,"minecraft:walk_one_cm":723411,"minecraft:damage_blocked_by_shield":1983,"minecraft:drop":38,"minecraft:talked_to_villager":1,"minecraft:play_time":266664,"minecraft:deaths":13,"minecraft:sneak_time":20092,"minecraft:walk_under_water_one_cm":13560,"minecraft:jump":3526,"minecraft:walk_on_water_one_cm":5263,"minecraft:total_world_time":266664,"minecraft:interact_with_furnace":27,"minecraft:interact_with_stonecutter":6,"minecraft:time_since_rest":121461,"minecraft:damage_taken":7510,"minecraft:damage_dealt":4206,"minecraft:player_kills":4,"minecraft:fly_one_cm":535743,"minecraft:swim_one_cm":455,"minecraft:open_chest":46,"minecraft:crouch_one_cm":43683,"minecraft:fall_one_cm":98572,"minecraft:horse_one_cm":24895},"minecraft:killed":{"minecraft:cave_spider":2,"minecraft:zombified_piglin":4,"minecraft:witch":2,"minecraft:skeleton":8,"minecraft:creeper":2,"minecraft:pillager":4,"tinyskeletons:baby_skeleton":2,"endermanoverhaul:axolotl_pet_enderman":2,"minecraft:player":2},"minecraft:killed_by":{"bosses_of_mass_destruction:void_blossom":5,"minecraft:vindicator":2,"minecraft:cave_spider":1,"minecraft:skeleton":3},"minecraft:broken":{"minecraft:stone_pickaxe":2,"minecraft:iron_pickaxe":1},"minecraft:mined":{"minecraft:tuff":5,"croptopia:pepper_crop":1,"grassoverhaul:dirt_sod_patch":6,"minecraft:cobblestone_stairs":2,"minecraft:brewing_stand":1,"minecraft:cave_vines_plant":1,"minecraft:grass_block":54,"morevillagers:gardening_table":2,"minecraft:oxeye_daisy":1,"croptopia:barley_crop":2,"minecraft:hay_block":17,"minecraft:oak_trapdoor":5,"minecraft:iron_ore":18,"croptopia:corn_crop":1,"minecraft:acacia_wood":10,"croptopia:soybean_crop":2,"minecraft:andesite":6,"treechop:chopped_log":1,"minecraft:pumpkin":3,"minecraft:deepslate_iron_ore":4,"minecraft:dirt_path":1,"minecraft:cobblestone_slab":2,"amendments:wall_lantern":12,"minecraft:lantern":9,"minecraft:stone":547,"minecraft:spruce_slab":1,"lootr:lootr_barrel":1,"minecraft:red_bed":2,"promenade:blunite":11,"minecraft:crafting_table":5,"minecraft:cornflower":2,"croptopia:oat_crop":2,"minecraft:chest":2,"minecraft:campfire":1,"minecraft:stone_slab":1,"minecraft:tall_grass":7,"croptopia:broccoli_crop":1,"minecraft:cobblestone":18,"minecraft:deepslate_gold_ore":3,"minecraft:oak_planks":4,"minecraft:diorite":3,"minecraft:wall_torch":3,"minecraft:pink_petals":35,"mca:cross_headstone":1,"minecraft:skeleton_skull":1,"minecraft:purple_wool":1,"minecraft:stone_stairs":2,"minecraft:grass":47,"minecraft:oak_log":36,"minecraft:coal_ore":61,"minecraft:gravel":3,"minecraft:dirt":82,"minecraft:smooth_basalt":8,"minecraft:cracked_stone_bricks":2,"promenade:asphalt":7,"minecraft:mossy_stone_bricks":1,"minecraft:deepslate":56},"minecraft:dropped":{"minecraft:iron_ingot":1,"minecraft:iron_sword":1,"minecraft:cobblestone":27,"wildlife:ferret":1,"minecraft:emerald":2,"bettermcdonaldsmod:tomato_seeds":3,"minecraft:dirt":4,"croptopia:barley_seed":1,"minecraft:pink_petals":55,"croptopia:soybean":1,"minecraft:acacia_planks":3,"minecraft:rotten_flesh":2,"universal_graves:grave_compass":8,"minecraft:andesite":2,"basicshields:wooden_shield":1,"minecraft:raw_gold":3,"croptopia:barley":1},"minecraft:picked_up":{"minecraft:charcoal":2,"minecraft:crafting_table":5,"minecraft:purple_wool":1,"minecraft:ladder":1,"croptopia:sweetpotato_seed":2,"minecraft:stone_slab":1,"minecraft:enchanted_book":1,"minecraft:brewing_stand":1,"promenade:blunite":22,"minecraft:cornflower":2,"minecraft:stone_stairs":2,"minecraft:oak_trapdoor":5,"minecraft:string":3,"minecraft:red_bed":2,"universal_graves:grave_compass":3,"croptopia:soybean":1,"morevillagers:gardening_table":2,"minecraft:sea_pickle":1,"minecraft:cracked_stone_bricks":1,"minecraft:gold_nugget":2,"minecraft:cobbled_deepslate":48,"minecraft:cobblestone_slab":2,"croptopia:pepper_seed":1,"minecraft:spruce_slab":1,"minecraft:chest":2,"minecraft:egg":3,"minecraft:stick":2,"minecraft:raw_iron":18,"croptopia:corn_seed":3,"croptopia:barley_seed":3,"croptopia:soybean_seed":2,"promenade:asphalt":7,"minecraft:torch":3,"minecraft:pointed_dripstone":2,"minecraft:diorite":6,"minecraft:redstone":32,"minecraft:iron_horse_armor":1,"minecraft:arrow":7,"minecraft:rotten_flesh":4,"minecraft:hay_block":17,"minecraft:gold_ingot":19,"croptopia:pepper":1,"minecraft:skeleton_skull":1,"minecraft:cobblestone":663,"minecraft:oxeye_daisy":1,"minecraft:pink_petals":66,"croptopia:broccoli_seed":1,"minecraft:andesite":10,"minecraft:acacia_wood":8,"minecraft:potato":20,"minecraft:flint":8,"minecraft:tuff":4,"minecraft:oak_log":52,"minecraft:gunpowder":2,"minecraft:cobblestone_stairs":2,"minecraft:dirt":149,"minecraft:lantern":22,"minecraft:bone":7,"croptopia:corn":1,"minecraft:apple":27,"croptopia:barley":2,"minecraft:bow":1,"minecraft:wheat_seeds":9,"minecraft:raw_gold":3,"grassoverhaul:dirt_sod_patch":6,"bettermcdonaldsmod:tomato_seeds":5,"minecraft:mossy_stone_bricks":1,"minecraft:oak_planks":4,"minecraft:smooth_basalt":6,"minecraft:pumpkin":3,"snowyspirit:sled_oak":5,"minecraft:gravel":6,"croptopia:oat":2,"winterly:cryomarble_shard":2,"minecraft:spider_eye":2,"minecraft:barrel":1,"wildlife:ferret":2,"croptopia:oat_seed":3,"bettermcdonaldsmod:lettuce_seeds":6,"minecraft:golden_horse_armor":2,"minecraft:emerald":5,"minecraft:oak_sapling":28,"minecraft:coal":59},"minecraft:used":{"minecraft:oak_trapdoor":7,"minecraft:stone_shovel":104,"minecraft:ladder":4,"minecraft:oak_sign":1,"minecraft:chest":5,"minecraft:shield":34,"minecraft:stone":3,"minecraft:iron_sword":52,"minecraft:rotten_flesh":1,"promenade:asphalt":7,"minecraft:iron_chestplate":1,"minecraft:torch":2,"minecraft:dirt":90,"minecraft:carrot":20,"minecraft:stone_stairs":3,"minecraft:lantern":21,"minecraft:barrel":1,"minecraft:smooth_basalt":6,"minecraft:hay_block":1,"minecraft:furnace":1,"minecraft:oak_sapling":17,"minecraft:acacia_wood":1,"minecraft:egg":1,"minecraft:acacia_planks":5,"minecraft:iron_leggings":1,"minecraft:pointed_dripstone":2,"minecraft:water_bucket":7,"minecraft:cobblestone_stairs":4,"weaponworks:stone_greatsword":7,"minecraft:stone_pickaxe":387,"minecraft:oak_planks":9,"snowyspirit:sled_oak":6,"minecraft:stonecutter":1,"minecraft:cobblestone_slab":3,"endermanoverhaul:ancient_pearl":1,"minecraft:crafting_table":6,"minecraft:red_bed":2,"morevillagers:gardening_table":2,"minecraft:bread":27,"minecraft:iron_pickaxe":400,"minecraft:stone_slab":5,"wildlife:ferret":1,"grassoverhaul:dirt_sod_patch":16,"minecraft:stone_axe":95,"minecraft:pink_petals":1,"minecraft:cobblestone":194,"minecraft:bucket":8,"minecraft:purple_wool":1}},"DataVersion":3465}