{"stats":{"minecraft:crafted":{"grassoverhaul:dirt_sod_patch":4,"minecraft:oak_planks":48,"minecraft:stone_shovel":1,"minecraft:crafting_table":1,"minecraft:stone_axe":1,"minecraft:bread":7,"minecraft:shield":1,"minecraft:flint":8,"minecraft:iron_ingot":28,"minecraft:iron_pickaxe":1,"minecraft:stone_pickaxe":1,"minecraft:chest":1,"minecraft:acacia_planks":20},"minecraft:custom":{"lootr:looted_stat":11,"minecraft:interact_with_furnace":1,"minecraft:mob_kills":7,"minecraft:interact_with_crafting_table":15,"goblintraders:trade_with_goblin":18,"minecraft:leave_game":6,"minecraft:time_since_death":21304,"minecraft:time_since_rest":21334,"minecraft:sprint_one_cm":191294,"minecraft:damage_taken":3704,"minecraft:walk_one_cm":225237,"minecraft:damage_blocked_by_shield":1515,"minecraft:drop":20,"minecraft:damage_dealt":2132,"minecraft:swim_one_cm":455,"minecraft:player_kills":4,"minecraft:fly_one_cm":240580,"minecraft:open_chest":8,"minecraft:crouch_one_cm":18445,"minecraft:play_time":76327,"minecraft:deaths":7,"minecraft:sneak_time":7621,"minecraft:walk_under_water_one_cm":6132,"minecraft:jump":1633,"minecraft:walk_on_water_one_cm":613,"minecraft:total_world_time":76327,"minecraft:fall_one_cm":49365},"minecraft:killed":{"minecraft:skeleton":6,"minecraft:pillager":4,"tinyskeletons:baby_skeleton":2,"minecraft:player":2},"minecraft:killed_by":{"minecraft:vindicator":2,"minecraft:skeleton":3},"minecraft:mined":{"grassoverhaul:dirt_sod_patch":4,"minecraft:red_bed":1,"promenade:blunite":11,"minecraft:crafting_table":1,"minecraft:grass_block":32,"morevillagers:gardening_table":2,"minecraft:campfire":1,"minecraft:tall_grass":5,"minecraft:cobblestone":1,"minecraft:oak_planks":1,"minecraft:diorite":3,"minecraft:pink_petals":35,"minecraft:hay_block":17,"croptopia:barley_crop":2,"minecraft:purple_wool":1,"minecraft:iron_ore":18,"minecraft:acacia_wood":10,"croptopia:soybean_crop":1,"minecraft:andesite":6,"minecraft:pumpkin":3,"treechop:chopped_log":1,"minecraft:grass":14,"minecraft:coal_ore":46,"minecraft:dirt_path":1,"amendments:wall_lantern":4,"minecraft:gravel":2,"minecraft:dirt":43,"minecraft:stone":190,"promenade:asphalt":7},"minecraft:dropped":{"universal_graves:grave_compass":5,"wildlife:ferret":1,"minecraft:dirt":4,"minecraft:andesite":2,"croptopia:barley_seed":1,"croptopia:barley":1,"minecraft:pink_petals":55,"croptopia:soybean":1,"minecraft:acacia_planks":3},"minecraft:picked_up":{"minecraft:charcoal":2,"minecraft:pink_petals":66,"minecraft:crafting_table":1,"minecraft:purple_wool":1,"minecraft:andesite":6,"minecraft:acacia_wood":8,"minecraft:oak_log":17,"promenade:blunite":11,"minecraft:dirt":67,"minecraft:red_bed":1,"minecraft:lantern":5,"croptopia:soybean":1,"minecraft:bone":3,"croptopia:barley":2,"minecraft:apple":1,"minecraft:sea_pickle":1,"morevillagers:gardening_table":2,"grassoverhaul:dirt_sod_patch":4,"minecraft:oak_planks":1,"minecraft:stick":2,"minecraft:raw_iron":14,"croptopia:barley_seed":2,"minecraft:pumpkin":3,"croptopia:soybean_seed":1,"promenade:asphalt":7,"minecraft:gravel":4,"minecraft:pointed_dripstone":2,"minecraft:diorite":3,"wildlife:ferret":1,"minecraft:arrow":3,"minecraft:rotten_flesh":1,"minecraft:hay_block":17,"bettermcdonaldsmod:lettuce_seeds":1,"minecraft:oak_sapling":11,"minecraft:coal":45,"minecraft:cobblestone":186},"minecraft:used":{"minecraft:stone_shovel":54,"minecraft:stone_pickaxe":115,"minecraft:oak_planks":5,"minecraft:chest":1,"minecraft:shield":22,"minecraft:iron_sword":36,"minecraft:rotten_flesh":1,"promenade:asphalt":7,"minecraft:iron_chestplate":1,"minecraft:dirt":19,"minecraft:crafting_table":2,"morevillagers:gardening_table":2,"minecraft:lantern":4,"minecraft:bread":12,"minecraft:iron_pickaxe":174,"wildlife:ferret":1,"grassoverhaul:dirt_sod_patch":8,"minecraft:stone_axe":29,"minecraft:pink_petals":1,"minecraft:cobblestone":46,"minecraft:hay_block":1,"minecraft:acacia_wood":1,"minecraft:acacia_planks":5,"minecraft:purple_wool":1,"minecraft:iron_leggings":1,"minecraft:pointed_dripstone":2}},"DataVersion":3465}