{"stats":{"minecraft:crafted":{"grassoverhaul:dirt_sod_patch":8,"minecraft:oak_planks":48,"minecraft:stone_shovel":1,"minecraft:furnace":1,"minecraft:stone_pickaxe":1,"minecraft:chest":2,"minecraft:emerald":1,"minecraft:crafting_table":2,"minecraft:bucket":1,"minecraft:stone_axe":1,"minecraft:bread":7,"minecraft:shield":1,"minecraft:flint":8,"minecraft:iron_pickaxe":1,"minecraft:iron_ingot":28,"minecraft:acacia_planks":20},"minecraft:custom":{"lootr:looted_stat":24,"minecraft:mob_kills":11,"minecraft:interact_with_crafting_table":24,"goblintraders:trade_with_goblin":19,"minecraft:leave_game":11,"minecraft:time_since_death":7931,"minecraft:sprint_one_cm":307433,"minecraft:walk_one_cm":418235,"minecraft:damage_blocked_by_shield":1623,"minecraft:drop":25,"minecraft:talked_to_villager":1,"minecraft:play_time":153161,"minecraft:deaths":13,"minecraft:sneak_time":14293,"minecraft:walk_under_water_one_cm":7867,"minecraft:jump":2600,"minecraft:walk_on_water_one_cm":3205,"minecraft:total_world_time":153161,"minecraft:interact_with_furnace":1,"minecraft:time_since_rest":7958,"minecraft:damage_taken":6472,"minecraft:damage_dealt":3133,"minecraft:swim_one_cm":455,"minecraft:fly_one_cm":384994,"minecraft:player_kills":4,"minecraft:open_chest":23,"minecraft:crouch_one_cm":32743,"minecraft:fall_one_cm":72453},"minecraft:killed":{"minecraft:cave_spider":2,"minecraft:witch":2,"minecraft:skeleton":6,"minecraft:creeper":2,"minecraft:pillager":4,"tinyskeletons:baby_skeleton":2,"endermanoverhaul:axolotl_pet_enderman":2,"minecraft:player":2},"minecraft:killed_by":{"bosses_of_mass_destruction:void_blossom":5,"minecraft:vindicator":2,"minecraft:cave_spider":1,"minecraft:skeleton":3},"minecraft:mined":{"minecraft:tuff":2,"grassoverhaul:dirt_sod_patch":4,"minecraft:brewing_stand":1,"minecraft:cave_vines_plant":1,"minecraft:grass_block":41,"morevillagers:gardening_table":2,"minecraft:hay_block":17,"croptopia:barley_crop":2,"minecraft:iron_ore":18,"minecraft:acacia_wood":10,"croptopia:soybean_crop":1,"minecraft:andesite":6,"minecraft:pumpkin":3,"treechop:chopped_log":1,"minecraft:dirt_path":1,"amendments:wall_lantern":5,"minecraft:lantern":1,"minecraft:stone":253,"lootr:lootr_barrel":1,"minecraft:red_bed":2,"promenade:blunite":11,"minecraft:crafting_table":3,"minecraft:chest":2,"minecraft:campfire":1,"minecraft:tall_grass":5,"minecraft:cobblestone":7,"minecraft:deepslate_gold_ore":3,"minecraft:oak_planks":4,"minecraft:diorite":3,"minecraft:wall_torch":1,"minecraft:pink_petals":35,"minecraft:skeleton_skull":1,"minecraft:purple_wool":1,"minecraft:grass":23,"minecraft:coal_ore":46,"minecraft:gravel":3,"minecraft:dirt":52,"minecraft:cracked_stone_bricks":2,"minecraft:smooth_basalt":8,"promenade:asphalt":7,"minecraft:mossy_stone_bricks":1,"minecraft:deepslate":56},"minecraft:dropped":{"wildlife:ferret":1,"minecraft:emerald":2,"minecraft:dirt":4,"croptopia:barley_seed":1,"minecraft:pink_petals":55,"croptopia:soybean":1,"minecraft:acacia_planks":3,"universal_graves:grave_compass":8,"minecraft:andesite":2,"croptopia:barley":1},"minecraft:picked_up":{"minecraft:charcoal":2,"minecraft:crafting_table":3,"minecraft:purple_wool":1,"minecraft:enchanted_book":1,"minecraft:brewing_stand":1,"promenade:blunite":22,"minecraft:string":3,"minecraft:red_bed":2,"croptopia:soybean":1,"universal_graves:grave_compass":3,"minecraft:sea_pickle":1,"minecraft:cracked_stone_bricks":1,"morevillagers:gardening_table":2,"minecraft:cobbled_deepslate":48,"minecraft:chest":2,"minecraft:egg":2,"minecraft:stick":2,"minecraft:raw_iron":14,"croptopia:barley_seed":3,"croptopia:soybean_seed":2,"promenade:asphalt":7,"minecraft:pointed_dripstone":2,"minecraft:diorite":6,"minecraft:iron_horse_armor":1,"minecraft:arrow":6,"minecraft:rotten_flesh":2,"minecraft:hay_block":17,"minecraft:gold_ingot":18,"minecraft:skeleton_skull":1,"minecraft:cobblestone":334,"minecraft:pink_petals":66,"minecraft:andesite":10,"minecraft:acacia_wood":8,"minecraft:potato":20,"minecraft:flint":8,"minecraft:tuff":1,"minecraft:oak_log":17,"minecraft:gunpowder":2,"minecraft:dirt":85,"minecraft:lantern":7,"minecraft:bone":7,"croptopia:barley":2,"minecraft:apple":27,"minecraft:bow":1,"minecraft:wheat_seeds":4,"minecraft:raw_gold":3,"grassoverhaul:dirt_sod_patch":4,"minecraft:mossy_stone_bricks":1,"minecraft:oak_planks":4,"minecraft:smooth_basalt":6,"minecraft:pumpkin":3,"minecraft:gravel":6,"winterly:cryomarble_shard":2,"minecraft:barrel":1,"wildlife:ferret":2,"bettermcdonaldsmod:lettuce_seeds":3,"minecraft:golden_horse_armor":2,"minecraft:emerald":5,"minecraft:oak_sapling":28,"minecraft:coal":45},"minecraft:used":{"minecraft:stone_shovel":72,"minecraft:chest":4,"minecraft:shield":29,"minecraft:iron_sword":52,"minecraft:rotten_flesh":1,"minecraft:iron_chestplate":1,"promenade:asphalt":7,"minecraft:dirt":41,"minecraft:carrot":17,"minecraft:lantern":6,"minecraft:barrel":1,"minecraft:smooth_basalt":2,"minecraft:hay_block":1,"minecraft:furnace":1,"minecraft:acacia_wood":1,"minecraft:acacia_planks":5,"minecraft:iron_leggings":1,"minecraft:pointed_dripstone":2,"minecraft:stone_pickaxe":115,"minecraft:oak_planks":9,"endermanoverhaul:ancient_pearl":1,"minecraft:crafting_table":4,"minecraft:red_bed":2,"morevillagers:gardening_table":2,"minecraft:bread":17,"minecraft:iron_pickaxe":321,"wildlife:ferret":1,"grassoverhaul:dirt_sod_patch":8,"minecraft:stone_axe":40,"minecraft:pink_petals":1,"minecraft:cobblestone":128,"minecraft:bucket":1,"minecraft:purple_wool":1}},"DataVersion":3465}