{"stats":{"minecraft:crafted":{"stoneworks:andesite_paver_slab":2,"minecraft:oak_planks":116,"basicshields:wooden_shield":1,"minecraft:cobblestone_slab":2,"stoneworks:andesite_tile_slab":2,"minecraft:oak_sign":3,"mcwbridges:balustrade_cobblestone_bridge":2,"snowyspirit:sled_oak":1,"weaponworks:stone_greatsword":1,"minecraft:cobblestone_stairs":2,"minecraft:stone":10,"immersive_armors:wooden_chestplate":1,"minecraft:chest":4,"immersive_armors:wooden_helmet":1,"minecraft:stone_hoe":5,"stoneworks:andesite_shingle_slab":2,"minecraft:emerald":1,"minecraft:crafting_table":2,"immersive_armors:wooden_leggings":1,"immersive_armors:wooden_boots":1,"minecraft:shield":1,"minecraft:stick":32,"minecraft:stone_slab":4,"minecraft:iron_pickaxe":1,"minecraft:iron_ingot":28,"minecraft:iron_block":3,"mcwbridges:cobblestone_bridge_pier":2,"grassoverhaul:dirt_sod_patch":14,"minecraft:stone_shovel":5,"croptopia:pepper_seed":1,"minecraft:furnace":1,"croptopia:bellpepper_seed":2,"minecraft:oak_trapdoor":2,"minecraft:stone_stairs":1,"stoneworks:andesite_plate_slab":2,"minecraft:ladder":3,"minecraft:stone_pickaxe":4,"croptopia:sweetpotato_seed":1,"minecraft:bucket":1,"mcwbridges:cobblestone_bridge":2,"minecraft:stone_axe":1,"minecraft:bread":7,"minecraft:air":0,"minecraft:flint":8,"minecraft:stonecutter":1,"minecraft:anvil":1,"minecraft:acacia_planks":20,"minecraft:torch":16},"minecraft:custom":{"lootr:looted_stat":29,"minecraft:interact_with_crafting_table":76,"goblintraders:trade_with_goblin":19,"minecraft:leave_game":19,"minecraft:time_since_death":77643,"minecraft:sprint_one_cm":561059,"minecraft:damage_blocked_by_shield":1983,"minecraft:drop":56,"minecraft:talked_to_villager":2,"minecraft:play_time":359706,"minecraft:deaths":14,"minecraft:jump":4400,"minecraft:walk_on_water_one_cm":11654,"minecraft:interact_with_furnace":28,"minecraft:sleep_in_bed":2,"minecraft:damage_dealt":4772,"minecraft:player_kills":4,"minecraft:crouch_one_cm":60280,"minecraft:interact_with_smoker":2,"minecraft:horse_one_cm":24895,"minecraft:mob_kills":15,"minecraft:interact_with_anvil":6,"minecraft:climb_one_cm":10675,"minecraft:walk_one_cm":1134025,"minecraft:sneak_time":26438,"minecraft:walk_under_water_one_cm":42203,"minecraft:total_world_time":359706,"minecraft:interact_with_stonecutter":11,"minecraft:time_since_rest":77669,"minecraft:damage_taken":8429,"minecraft:swim_one_cm":1200,"minecraft:fly_one_cm":665658,"minecraft:open_chest":75,"minecraft:fall_one_cm":136375},"minecraft:killed":{"minecraft:cave_spider":2,"minecraft:zombified_piglin":4,"minecraft:witch":2,"minecraft:skeleton":8,"minecraft:creeper":2,"minecraft:pillager":4,"tinyskeletons:baby_skeleton":2,"minecraft:zombie":2,"endermanoverhaul:axolotl_pet_enderman":2,"minecraft:player":2},"minecraft:killed_by":{"minecraft:vindicator":2,"minecraft:cave_spider":1,"minecraft:player":1,"bosses_of_mass_destruction:void_blossom":5,"minecraft:skeleton":3},"minecraft:broken":{"minecraft:stone_pickaxe":2,"minecraft:stone_shovel":3,"minecraft:stone_hoe":4,"minecraft:iron_pickaxe":1},"minecraft:mined":{"croptopia:bellpepper_crop":2,"croptopia:pepper_crop":1,"minecraft:oak_sapling":3,"croptopia:greenbean_crop":2,"mcwbridges:cobblestone_bridge":3,"minecraft:cobblestone_stairs":2,"croptopia:mustard_crop":2,"minecraft:brewing_stand":1,"minecraft:cave_vines_plant":1,"minecraft:grass_block":347,"stoneworks:andesite_paver_slab":2,"mcwbridges:cobblestone_bridge_pier":4,"minecraft:oxeye_daisy":1,"stoneworks:andesite_shingle_slab":2,"minecraft:iron_ore":18,"minecraft:cobbled_deepslate":1,"minecraft:pumpkin":3,"minecraft:dirt_path":1,"amendments:wall_lantern":15,"minecraft:spruce_slab":1,"stoneworks:andesite_tile_slab":2,"minecraft:red_bed":2,"minecraft:smoker":1,"croptopia:oat_crop":4,"minecraft:chest":2,"minecraft:cobblestone":32,"croptopia:broccoli_crop":3,"minecraft:oak_planks":4,"minecraft:wall_torch":4,"mca:cross_headstone":1,"minecraft:pink_petals":35,"minecraft:skeleton_skull":1,"minecraft:stone_stairs":2,"bettermcdonaldsmod:lettuce_crop":9,"croptopia:chile_pepper_crop":3,"minecraft:grass":67,"minecraft:oak_log":37,"minecraft:dirt":253,"minecraft:smooth_basalt":8,"promenade:asphalt":7,"minecraft:oak_leaves":1,"minecraft:deepslate":56,"minecraft:tuff":5,"grassoverhaul:dirt_sod_patch":6,"croptopia:kale_crop":1,"morevillagers:gardening_table":2,"mcwbridges:balustrade_cobblestone_bridge":1,"minecraft:hay_block":17,"croptopia:barley_crop":4,"minecraft:oak_trapdoor":6,"croptopia:corn_crop":2,"minecraft:acacia_wood":10,"croptopia:soybean_crop":3,"minecraft:andesite":8,"treechop:chopped_log":3,"minecraft:cobblestone_slab":2,"minecraft:deepslate_iron_ore":4,"minecraft:lantern":19,"stoneworks:andesite_plate_slab":2,"minecraft:stone":570,"lootr:lootr_barrel":1,"promenade:blunite":11,"croptopia:sweetpotato_crop":1,"minecraft:crafting_table":5,"minecraft:cornflower":2,"minecraft:campfire":1,"minecraft:stone_slab":1,"minecraft:tall_grass":18,"minecraft:deepslate_gold_ore":3,"minecraft:diorite":3,"minecraft:purple_wool":1,"minecraft:coal_ore":61,"minecraft:gravel":3,"minecraft:cracked_stone_bricks":2,"minecraft:mossy_stone_bricks":1},"minecraft:dropped":{"minecraft:iron_sword":1,"wildlife:ferret":1,"minecraft:emerald":2,"bettermcdonaldsmod:tomato_seeds":3,"minecraft:dirt":4,"croptopia:sweetpotato_seed":2,"croptopia:barley_seed":1,"minecraft:phantom_membrane":1,"croptopia:soybean":1,"minecraft:stone_axe":2,"croptopia:oat_seed":6,"minecraft:rotten_flesh":2,"universal_graves:grave_compass":9,"minecraft:azure_bluet":1,"croptopia:broccoli":1,"minecraft:gunpowder":1,"basicshields:wooden_shield":1,"croptopia:barley":1,"croptopia:mustard":1,"wildlife:sparrow":2,"minecraft:iron_ingot":1,"minecraft:cobblestone":27,"croptopia:kale_seed":1,"minecraft:pink_petals":55,"minecraft:acacia_planks":3,"croptopia:oat":3,"minecraft:smoker":1,"minecraft:andesite":2,"minecraft:raw_gold":3},"minecraft:picked_up":{"croptopia:kale":1,"croptopia:broccoli":3,"minecraft:stone_slab":1,"minecraft:enchanted_book":1,"minecraft:brewing_stand":1,"minecraft:string":3,"universal_graves:grave_compass":3,"minecraft:oak_sign":2,"minecraft:sea_pickle":1,"minecraft:gold_nugget":2,"minecraft:cobbled_deepslate":50,"minecraft:bucket":1,"minecraft:cobblestone_slab":2,"croptopia:mustard_seed":3,"bettermcdonaldsmod:lettuce":9,"minecraft:stick":16,"croptopia:barley_seed":5,"minecraft:torch":7,"stoneworks:andesite_plate_slab":2,"minecraft:pointed_dripstone":2,"minecraft:diorite":6,"minecraft:rotten_flesh":4,"mcwbridges:cobblestone_bridge":3,"minecraft:cobblestone":899,"minecraft:pink_petals":66,"stoneworks:andesite_tile_slab":2,"croptopia:broccoli_seed":3,"minecraft:andesite":12,"minecraft:smoker":3,"minecraft:potato":21,"minecraft:flint":8,"minecraft:tuff":4,"minecraft:dirt":624,"minecraft:lantern":38,"minecraft:bone":7,"croptopia:corn":3,"croptopia:sweetpotato":2,"minecraft:bow":1,"minecraft:wheat_seeds":18,"minecraft:raw_gold":3,"grassoverhaul:dirt_sod_patch":6,"croptopia:bellpepper":2,"minecraft:mossy_stone_bricks":1,"croptopia:kale_seed":1,"minecraft:oak_planks":8,"croptopia:chile_pepper_seed":5,"croptopia:mustard":3,"snowyspirit:sled_oak":5,"croptopia:oat":8,"minecraft:grass_block":1,"winterly:cryomarble_shard":2,"minecraft:barrel":1,"croptopia:chile_pepper":3,"wildlife:ferret":3,"minecraft:bread":1,"minecraft:golden_horse_armor":2,"minecraft:emerald":5,"minecraft:oak_sapling":37,"minecraft:charcoal":2,"minecraft:crafting_table":6,"minecraft:azure_bluet":3,"minecraft:purple_wool":1,"minecraft:ladder":1,"croptopia:sweetpotato_seed":7,"promenade:blunite":22,"minecraft:shield":1,"minecraft:cornflower":3,"minecraft:oak_trapdoor":6,"minecraft:red_bed":2,"minecraft:stone_stairs":2,"minecraft:iron_axe":1,"artifacts:feral_claws":1,"croptopia:bellpepper_seed":3,"croptopia:soybean":2,"minecraft:cracked_stone_bricks":1,"morevillagers:gardening_table":2,"orpheus:deepslate_tears_of_hades_ore":1,"immersive_armors:wooden_leggings":1,"croptopia:pepper_seed":3,"minecraft:spruce_slab":1,"minecraft:chest":2,"minecraft:phantom_membrane":3,"minecraft:egg":4,"minecraft:raw_iron":22,"minecraft:stone":1,"croptopia:corn_seed":7,"croptopia:soybean_seed":3,"promenade:asphalt":7,"croptopia:greenbean_seed":4,"mcwbridges:cobblestone_bridge_pier":4,"minecraft:redstone":64,"minecraft:iron_horse_armor":1,"immersive_armors:wooden_helmet":1,"minecraft:arrow":9,"minecraft:hay_block":17,"minecraft:gold_ingot":20,"croptopia:pepper":3,"minecraft:skeleton_skull":1,"stoneworks:andesite_paver_slab":2,"stoneworks:andesite_shingle_slab":2,"minecraft:oxeye_daisy":2,"minecraft:acacia_wood":8,"minecraft:oak_log":76,"minecraft:gunpowder":5,"minecraft:cobblestone_stairs":2,"weaponworks:stone_greatsword":1,"croptopia:barley":5,"mcwbridges:balustrade_cobblestone_bridge":1,"minecraft:apple":27,"minecraft:iron_ingot":59,"minecraft:stone_pickaxe":1,"bettermcdonaldsmod:tomato_seeds":11,"minecraft:smooth_basalt":6,"minecraft:pumpkin":3,"minecraft:dandelion":5,"minecraft:gravel":6,"minecraft:spider_eye":2,"croptopia:oat_seed":13,"minecraft:stone_axe":3,"immersive_armors:wooden_chestplate":1,"bettermcdonaldsmod:lettuce_seeds":45,"croptopia:greenbean":2,"immersive_armors:wooden_boots":1,"minecraft:coal":122},"minecraft:used":{"stoneworks:andesite_plate_slab":2,"minecraft:ladder":4,"minecraft:oak_sign":1,"minecraft:chest":6,"minecraft:shield":34,"minecraft:stone":3,"minecraft:iron_sword":52,"croptopia:oat":1,"minecraft:rotten_flesh":1,"minecraft:iron_chestplate":1,"croptopia:broccoli":2,"minecraft:carrot":24,"minecraft:azure_bluet":2,"stoneworks:andesite_shingle_slab":2,"minecraft:lantern":34,"minecraft:hay_block":1,"minecraft:oak_sapling":26,"minecraft:furnace":1,"croptopia:barley":3,"minecraft:egg":2,"minecraft:potato":31,"croptopia:sweetpotato_seed":4,"minecraft:stone_pickaxe":460,"minecraft:oak_planks":9,"snowyspirit:sled_oak":6,"endermanoverhaul:ancient_pearl":1,"bettermcdonaldsmod:lettuce_seeds":24,"morevillagers:gardening_table":2,"minecraft:bread":30,"wildlife:ferret":10,"grassoverhaul:dirt_sod_patch":16,"stoneworks:andesite_tile_slab":2,"mcwbridges:cobblestone_bridge_pier":4,"minecraft:purple_wool":1,"croptopia:corn":1,"minecraft:oak_trapdoor":8,"minecraft:stone_shovel":562,"minecraft:stone_hoe":569,"promenade:asphalt":7,"minecraft:torch":19,"minecraft:dirt":598,"minecraft:anvil":1,"croptopia:chile_pepper":3,"minecraft:stone_stairs":3,"croptopia:oat_seed":7,"stoneworks:andesite_paver_slab":2,"minecraft:barrel":1,"minecraft:smooth_basalt":6,"mcwbridges:cobblestone_bridge":3,"minecraft:acacia_wood":1,"wildlife:sparrow":1,"minecraft:acacia_planks":5,"minecraft:iron_leggings":1,"minecraft:pointed_dripstone":2,"minecraft:wheat_seeds":13,"minecraft:water_bucket":23,"minecraft:cobblestone_stairs":4,"weaponworks:stone_greatsword":25,"croptopia:corn_seed":5,"minecraft:stonecutter":1,"minecraft:cobblestone_slab":4,"mcwbridges:balustrade_cobblestone_bridge":1,"minecraft:crafting_table":7,"minecraft:red_bed":2,"croptopia:sweetpotato":1,"croptopia:kale":1,"minecraft:smoker":1,"minecraft:cornflower":1,"minecraft:oxeye_daisy":1,"minecraft:iron_pickaxe":400,"minecraft:stone_slab":5,"minecraft:stone_axe":111,"minecraft:pink_petals":1,"minecraft:cobblestone":240,"minecraft:bucket":24,"minecraft:dandelion":5,"croptopia:greenbean":2}},"DataVersion":3465}