{"stats":{"minecraft:killed":{"minecraft:skeleton":2,"naturalist:snail":2,"enderzoology:fallen_knight":2,"minecraft:pillager":6,"minecraft:player":4},"minecraft:picked_up":{"minecraft:wheat":45,"minecraft:charcoal":15,"minecraft:crafting_table":8,"minecraft:iron_chestplate":8,"minecraft:purple_wool":3,"croptopia:peach":1,"croptopia:kale":4,"croptopia:broccoli":3,"croptopia:sweetpotato_seed":20,"minecraft:wooden_pickaxe":2,"minecraft:wither_rose":2,"minecraft:shield":4,"enderzoology:withering_dust":1,"minecraft:string":4,"minecraft:red_bed":4,"minecraft:iron_leggings":3,"croptopia:bellpepper_seed":6,"universal_graves:grave_compass":4,"minecraft:iron_pickaxe":11,"minecraft:chest":2,"minecraft:furnace":6,"hauntedharvest:grim_apple":1,"minecraft:stick":23,"minecraft:raw_iron":55,"croptopia:cucumber":1,"croptopia:barley_seed":2,"minecraft:torch":16,"minecraft:cherry_log":22,"minecraft:arrow":2,"minecraft:stone_sword":7,"friendsandfoes:waxed_lightning_rod":1,"minecraft:gold_ingot":18,"minecraft:stripped_birch_wood":4,"minecraft:iron_bars":24,"minecraft:cobblestone":255,"minecraft:pink_petals":176,"minecraft:cherry_planks":135,"croptopia:broccoli_seed":11,"minecraft:potato":48,"minecraft:filled_map":3,"minecraft:oak_log":4,"minecraft:lapis_lazuli":2,"minecraft:dirt":80,"minecraft:bone":42,"croptopia:sweetpotato":1,"minecraft:bow":7,"minecraft:wheat_seeds":22,"croptopia:bellpepper":3,"minecraft:iron_ingot":69,"minecraft:stone_pickaxe":2,"minecraft:stripped_oak_wood":1,"bettermcdonaldsmod:tomato_seeds":32,"croptopia:kale_seed":2,"minecraft:iron_sword":6,"minecraft:oak_planks":135,"croptopia:chile_pepper_seed":5,"croptopia:cucumber_seed":6,"minecraft:leather_helmet":3,"croptopia:chile_pepper":5,"minecraft:oak_wood":18,"minecraft:purple_bed":1,"minecraft:slime_ball":5,"minecraft:stone_axe":5,"minecraft:iron_helmet":3,"bettermcdonaldsmod:lettuce_seeds":41,"minecraft:cherry_sapling":24,"minecraft:emerald":22,"minecraft:bread":1,"minecraft:coal":125},"minecraft:crafted":{"minecraft:cherry_planks":44,"minecraft:oak_planks":72,"minecraft:furnace":1,"croptopia:cucumber_seed":1,"minecraft:stone_pickaxe":1,"minecraft:chest":3,"minecraft:crafting_table":1,"minecraft:wooden_pickaxe":1,"minecraft:bucket":1,"minecraft:stone_axe":1,"minecraft:bread":5,"minecraft:air":0,"minecraft:charcoal":4,"minecraft:shield":1,"minecraft:stick":4,"minecraft:stone_sword":2,"minecraft:torch":4},"minecraft:dropped":{"bettermcdonaldsmod:lettuce_seeds":1,"croptopia:kale":3,"minecraft:crafting_table":1,"minecraft:stripped_birch_wood":4,"minecraft:dirt":24,"bettermcdonaldsmod:tomato_seeds":1,"croptopia:barley_seed":1,"minecraft:purple_wool":1,"minecraft:stripped_oak_wood":1,"minecraft:stone_sword":1,"universal_graves:grave_compass":8,"minecraft:oak_planks":8,"croptopia:broccoli":3,"croptopia:broccoli_seed":1,"minecraft:purple_bed":1,"minecraft:chest":2,"minecraft:arrow":2,"minecraft:stone_pickaxe":1,"minecraft:wooden_pickaxe":1,"friendsandfoes:waxed_lightning_rod":1},"minecraft:custom":{"lootr:looted_stat":5,"minecraft:mob_kills":6,"minecraft:interact_with_crafting_table":12,"minecraft:leave_game":4,"minecraft:time_since_death":10729,"minecraft:climb_one_cm":3053,"minecraft:sprint_one_cm":114028,"minecraft:walk_one_cm":256353,"minecraft:damage_blocked_by_shield":2595,"minecraft:drop":41,"minecraft:play_time":74971,"minecraft:deaths":9,"minecraft:sneak_time":6400,"minecraft:walk_under_water_one_cm":363,"minecraft:jump":1140,"minecraft:walk_on_water_one_cm":1578,"minecraft:total_world_time":74971,"minecraft:interact_with_furnace":7,"minecraft:sleep_in_bed":7,"minecraft:time_since_rest":973,"minecraft:damage_taken":3215,"minecraft:damage_dealt":1554,"minecraft:player_kills":2,"minecraft:fly_one_cm":171355,"minecraft:open_chest":27,"minecraft:crouch_one_cm":16215,"minecraft:fall_one_cm":29585},"minecraft:used":{"minecraft:chest":3,"minecraft:shield":36,"minecraft:iron_sword":27,"minecraft:dirt":26,"croptopia:chile_pepper":2,"minecraft:lava_bucket":8,"croptopia:peach":1,"minecraft:furnace":4,"minecraft:potato":1,"minecraft:stone_pickaxe":89,"minecraft:oak_planks":39,"minecraft:wooden_pickaxe":10,"minecraft:cherry_planks":1,"hauntedharvest:grim_apple":1,"minecraft:crafting_table":5,"minecraft:red_bed":2,"croptopia:sweetpotato":1,"minecraft:apple":2,"minecraft:bread":7,"minecraft:iron_pickaxe":8,"minecraft:stone_axe":62,"minecraft:cobblestone":7,"minecraft:bucket":9,"minecraft:purple_wool":1},"minecraft:mined":{"croptopia:bellpepper_crop":1,"croptopia:cucumber_crop":2,"croptopia:kale_crop":1,"minecraft:grass_block":26,"friendsandfoes:waxed_lightning_rod":1,"croptopia:barley_crop":2,"universal_graves:grave":1,"minecraft:furnace":3,"minecraft:iron_ore":11,"minecraft:fire":42,"croptopia:peach_crop":1,"minecraft:stone":53,"minecraft:cherry_planks":1,"minecraft:red_bed":2,"croptopia:sweetpotato_crop":2,"minecraft:crafting_table":3,"minecraft:oak_wood":19,"minecraft:cobblestone":11,"croptopia:broccoli_crop":2,"minecraft:oak_planks":3,"minecraft:pink_petals":20,"minecraft:seagrass":2,"minecraft:purple_wool":2,"minecraft:purple_bed":1,"minecraft:stripped_oak_wood":1,"croptopia:chile_pepper_crop":2,"minecraft:grass":41,"minecraft:oak_log":4,"minecraft:coal_ore":25,"minecraft:dirt":10,"minecraft:stripped_birch_wood":4,"minecraft:cobweb":2},"minecraft:killed_by":{"minecraft:player":2,"minecraft:creeper":1,"enderzoology:fallen_knight":1,"minecraft:skeleton":1}},"DataVersion":3465}