{"stats":{"minecraft:crafted":{"stoneworks:andesite_paver_slab":2,"basicshields:wooden_shield":1,"minecraft:oak_planks":262,"minecraft:cobblestone_slab":2,"stoneworks:andesite_tile_slab":2,"minecraft:oak_sign":3,"mcwbridges:balustrade_cobblestone_bridge":2,"snowyspirit:sled_oak":1,"minecraft:oak_pressure_plate":1,"weaponworks:stone_greatsword":1,"weaponworks:stone_katana":1,"minecraft:cobblestone_stairs":2,"minecraft:stone":82,"immersive_armors:wooden_chestplate":1,"minecraft:glass":32,"minecraft:chest":9,"immersive_armors:wooden_helmet":1,"minecraft:stone_hoe":5,"minecraft:oak_fence":18,"stoneworks:andesite_shingle_slab":2,"minecraft:oak_slab":12,"minecraft:emerald":1,"minecraft:crafting_table":4,"betternether:oak_chair":1,"minecraft:baked_potato":8,"immersive_armors:wooden_leggings":1,"croptopia:corn_seed":1,"immersive_armors:wooden_boots":1,"minecraft:dark_oak_slab":72,"minecraft:shield":1,"minecraft:stone_slab":4,"minecraft:stick":48,"minecraft:iron_pickaxe":1,"minecraft:iron_ingot":32,"minecraft:iron_block":3,"minecraft:composter":1,"mcwbridges:cobblestone_bridge_pier":2,"grassoverhaul:dirt_sod_patch":20,"minecraft:stone_shovel":6,"croptopia:pepper_seed":1,"handcrafted:oak_pillar_trim":8,"minecraft:furnace":2,"croptopia:blueberry_seed":1,"croptopia:bellpepper_seed":2,"minecraft:oak_trapdoor":2,"minecraft:glass_pane":16,"minecraft:stone_stairs":1,"stoneworks:andesite_plate_slab":2,"minecraft:ladder":3,"croptopia:oat_seed":9,"minecraft:stone_pickaxe":4,"minecraft:dark_oak_planks":40,"croptopia:sweetpotato_seed":4,"croptopia:tea":1,"weaponworks:stone_halberd":1,"minecraft:bucket":1,"mcwbridges:cobblestone_bridge":2,"minecraft:stone_axe":2,"minecraft:bread":7,"minecraft:air":0,"stoneworks:stone_tile_slab":14,"minecraft:flint":8,"minecraft:oak_stairs":4,"minecraft:stonecutter":1,"minecraft:anvil":1,"bettermcdonaldsmod:lettuce_seeds":22,"minecraft:acacia_planks":20,"minecraft:torch":20,"mcwdoors:oak_barn_door":2},"minecraft:custom":{"lootr:looted_stat":42,"minecraft:interact_with_crafting_table":139,"minecraft:open_barrel":8,"goblintraders:trade_with_goblin":19,"minecraft:bell_ring":1,"minecraft:leave_game":32,"minecraft:time_since_death":21400,"minecraft:sprint_one_cm":866876,"minecraft:damage_blocked_by_shield":2778,"minecraft:drop":134,"minecraft:talked_to_villager":2,"minecraft:play_time":646585,"minecraft:deaths":31,"minecraft:jump":7047,"minecraft:walk_on_water_one_cm":99848,"minecraft:enchant_item":3,"minecraft:interact_with_furnace":55,"minecraft:sleep_in_bed":11,"minecraft:damage_dealt":8598,"minecraft:player_kills":6,"minecraft:crouch_one_cm":89030,"minecraft:interact_with_smoker":17,"minecraft:horse_one_cm":24895,"minecraft:interact_with_anvil":9,"minecraft:mob_kills":42,"the_bumblezone:carpenter_bee_boots_wall_hang_time":79,"minecraft:climb_one_cm":16790,"minecraft:walk_one_cm":1853185,"minecraft:damage_dealt_absorbed":2084,"minecraft:sneak_time":42028,"minecraft:walk_under_water_one_cm":157534,"the_bumblezone:bumble_bee_chestplate_fly_time":718,"minecraft:total_world_time":646585,"minecraft:interact_with_stonecutter":30,"minecraft:time_since_rest":21458,"minecraft:damage_taken":16862,"minecraft:swim_one_cm":79377,"minecraft:fly_one_cm":1065762,"minecraft:open_chest":143,"minecraft:fall_one_cm":233285},"minecraft:killed":{"minecraft:cave_spider":2,"minecraft:zombified_piglin":4,"minecraft:witch":2,"the_bumblezone:honey_slime":2,"minecraft:skeleton":14,"minecraft:bee":42,"minecraft:pig":2,"minecraft:creeper":2,"minecraft:pillager":4,"tinyskeletons:baby_skeleton":2,"minecraft:zombie":2,"duckling:duck":2,"endermanoverhaul:axolotl_pet_enderman":2,"minecraft:player":6},"minecraft:killed_by":{"minecraft:piglin_brute":1,"minecraft:vindicator":2,"minecraft:cave_spider":1,"minecraft:player":6,"bosses_of_mass_destruction:void_blossom":5,"minecraft:bee":7,"minecraft:skeleton":4},"minecraft:broken":{"minecraft:stone_pickaxe":2,"minecraft:stone_axe":1,"minecraft:stone_shovel":3,"immersive_armors:wooden_boots":1,"minecraft:stone_hoe":4,"minecraft:iron_axe":1,"minecraft:iron_pickaxe":1},"minecraft:mined":{"minecraft:dark_oak_planks":11,"croptopia:bellpepper_crop":2,"croptopia:pepper_crop":1,"minecraft:oak_sapling":4,"minecraft:farmland":4,"croptopia:greenbean_crop":2,"mcwbridges:cobblestone_bridge":3,"croptopia:grape_crop":1,"minecraft:cobblestone_stairs":2,"croptopia:mustard_crop":2,"minecraft:brewing_stand":1,"the_bumblezone:beehive_beeswax":31,"minecraft:cave_vines_plant":1,"minecraft:grass_block":409,"stoneworks:andesite_paver_slab":2,"mcwbridges:cobblestone_bridge_pier":4,"minecraft:light_gray_bed":6,"minecraft:oak_pressure_plate":1,"minecraft:oxeye_daisy":1,"minecraft:tall_seagrass":1,"stoneworks:andesite_shingle_slab":2,"minecraft:iron_ore":18,"minecraft:cobbled_deepslate":1,"minecraft:pumpkin":3,"minecraft:stripped_dark_oak_wood":10,"minecraft:dirt_path":1,"amendments:wall_lantern":15,"minecraft:oak_stairs":6,"minecraft:player_head":1,"minecraft:spruce_slab":2,"croptopia:starfruit_crop":1,"stoneworks:andesite_tile_slab":2,"minecraft:red_bed":4,"minecraft:smoker":2,"the_bumblezone:pile_of_pollen":5,"croptopia:oat_crop":18,"minecraft:chest":2,"croptopia:broccoli_crop":3,"minecraft:cobblestone":34,"minecraft:honeycomb_block":65,"minecraft:oak_planks":64,"minecraft:wall_torch":8,"the_bumblezone:porous_honeycomb_block":8,"mca:cross_headstone":1,"minecraft:pink_petals":35,"minecraft:skeleton_skull":1,"minecraft:stone_stairs":2,"stoneworks:stone_pillar":1,"minecraft:dark_oak_slab":6,"minecraft:wheat":21,"bettermcdonaldsmod:lettuce_crop":118,"minecraft:black_bed":1,"croptopia:chile_pepper_crop":3,"minecraft:grass":77,"minecraft:oak_log":46,"croptopia:salt_ore":1,"minecraft:sand":32,"minecraft:dirt":304,"the_bumblezone:honey_cocoon":1,"minecraft:smooth_basalt":8,"promenade:asphalt":7,"minecraft:stonecutter":1,"minecraft:oak_leaves":13,"minecraft:deepslate":56,"minecraft:tuff":5,"grassoverhaul:dirt_sod_patch":8,"croptopia:kale_crop":1,"the_bumblezone:glistering_honey_crystal":18,"minecraft:ladder":1,"morevillagers:gardening_table":2,"stoneworks:stone_tile_slab":3,"minecraft:spruce_leaves":1,"mcwbridges:balustrade_cobblestone_bridge":1,"the_bumblezone:filled_porous_honeycomb_block":26,"croptopia:barley_crop":4,"minecraft:hay_block":17,"mcwdoors:oak_barn_door":8,"betternether:oak_chair":2,"minecraft:oak_trapdoor":6,"minecraft:carrots":16,"croptopia:corn_crop":7,"minecraft:acacia_wood":10,"croptopia:blueberry_crop":1,"croptopia:soybean_crop":3,"minecraft:andesite":8,"treechop:chopped_log":10,"minecraft:potatoes":54,"minecraft:deepslate_iron_ore":4,"minecraft:cobblestone_slab":2,"minecraft:lantern":21,"minecraft:stripped_oak_log":1,"the_bumblezone:honey_crystal":12,"stoneworks:andesite_plate_slab":2,"minecraft:stone":574,"lootr:lootr_barrel":1,"promenade:blunite":11,"croptopia:sweetpotato_crop":4,"minecraft:dandelion":1,"minecraft:oak_fence":7,"minecraft:crafting_table":7,"minecraft:cornflower":2,"minecraft:honey_block":4,"minecraft:campfire":1,"minecraft:stone_slab":1,"minecraft:tall_grass":19,"minecraft:deepslate_gold_ore":3,"minecraft:diorite":3,"handcrafted:oak_pillar_trim":31,"minecraft:purple_wool":1,"minecraft:beehive":1,"minecraft:bee_nest":1,"croptopia:celery_crop":1,"minecraft:coal_ore":61,"minecraft:gravel":3,"minecraft:cracked_stone_bricks":2,"minecraft:mossy_stone_bricks":1,"minecraft:chipped_anvil":2,"minecraft:fern":2},"minecraft:dropped":{"minecraft:spruce_sign":4,"minecraft:iron_sword":1,"bettermcdonaldsmod:lettuce_seeds":131,"minecraft:oak_log":46,"the_bumblezone:pollen_puff":96,"wildlife:ferret":1,"the_bumblezone:honey_compass":1,"croptopia:salt":5,"minecraft:emerald":2,"minecraft:flint":8,"bettermcdonaldsmod:tomato_seeds":3,"minecraft:dirt":61,"croptopia:sweetpotato_seed":2,"minecraft:phantom_membrane":1,"croptopia:barley_seed":1,"croptopia:cantaloupe_seed":1,"croptopia:soybean":1,"minecraft:bone":4,"croptopia:corn":5,"minecraft:stone_axe":2,"minecraft:wheat":1,"croptopia:oat_seed":15,"minecraft:rotten_flesh":2,"universal_graves:grave_compass":17,"minecraft:oak_planks":66,"minecraft:azure_bluet":1,"minecraft:carrot":1,"orpheus:deepslate_tears_of_hades_ore":1,"croptopia:broccoli":1,"minecraft:gunpowder":1,"minecraft:ladder":3,"minecraft:spruce_slab":1,"basicshields:wooden_shield":1,"croptopia:barley":1,"croptopia:mustard":1,"wildlife:sparrow":2,"minecraft:iron_ingot":1,"minecraft:egg":1,"minecraft:water_bucket":3,"minecraft:golden_boots":1,"croptopia:starfruit":1,"bettermcdonaldsmod:lettuce":3,"minecraft:cobblestone":29,"croptopia:sweetpotato":1,"minecraft:apple":13,"friendsandfoes:buttercup":1,"minecraft:stick":1,"croptopia:kale_seed":1,"minecraft:torch":2,"minecraft:bucket":2,"minecraft:pink_petals":55,"minecraft:string":7,"minecraft:acacia_planks":3,"minecraft:spruce_sapling":2,"croptopia:oat":4,"weaponworks:diamond_greatsword":1,"minecraft:stone_shovel":1,"weaponworks:stone_katana":1,"minecraft:smoker":1,"minecraft:oak_sign":2,"minecraft:potato":5,"minecraft:andesite":2,"minecraft:oak_sapling":1,"the_bumblezone:stinger_spear":1,"minecraft:raw_gold":3},"minecraft:picked_up":{"minecraft:wheat":8,"croptopia:grape_seed":2,"the_bumblezone:honey_crystal_shards":101,"croptopia:kale":1,"croptopia:broccoli":3,"minecraft:stone_slab":1,"minecraft:oak_stairs":6,"minecraft:enchanted_book":1,"friendsandfoes:buttercup":1,"minecraft:brewing_stand":1,"minecraft:string":3,"universal_graves:grave_compass":7,"minecraft:oak_sign":2,"the_bumblezone:honey_crystal":1,"minecraft:sea_pickle":1,"minecraft:cobbled_deepslate":50,"minecraft:gold_nugget":2,"handcrafted:oak_pillar_trim":31,"minecraft:bucket":2,"minecraft:cobblestone_slab":2,"croptopia:blueberry":1,"croptopia:mustard_seed":3,"the_bumblezone:honey_bee_leggings_1":1,"bettermcdonaldsmod:lettuce":96,"minecraft:iron_boots":1,"the_bumblezone:bumble_bee_chestplate_2":1,"minecraft:stick":27,"minecraft:beehive":1,"stoneworks:stone_tile_slab":3,"croptopia:barley_seed":5,"minecraft:oak_fence":7,"minecraft:torch":12,"stoneworks:andesite_plate_slab":2,"minecraft:porkchop":3,"minecraft:honeycomb_block":65,"minecraft:pointed_dripstone":2,"minecraft:diorite":6,"the_bumblezone:bee_stinger":3,"minecraft:light_gray_bed":6,"minecraft:rotten_flesh":4,"mcwbridges:cobblestone_bridge":3,"minecraft:cobblestone":1166,"minecraft:pink_petals":66,"stoneworks:andesite_tile_slab":2,"minecraft:feather":2,"croptopia:broccoli_seed":3,"minecraft:water_bucket":5,"minecraft:andesite":12,"minecraft:smoker":4,"minecraft:potato":155,"minecraft:flint":8,"minecraft:tuff":4,"minecraft:dirt":758,"minecraft:lantern":40,"the_bumblezone:stinger_spear":3,"the_bumblezone:honey_compass":1,"minecraft:bone":7,"minecraft:chipped_anvil":2,"croptopia:corn":13,"croptopia:sweetpotato":6,"minecraft:stonecutter":1,"minecraft:bow":1,"minecraft:wheat_seeds":53,"minecraft:raw_gold":3,"grassoverhaul:dirt_sod_patch":8,"croptopia:bellpepper":2,"minecraft:mossy_stone_bricks":1,"promenade:blueberries":2,"croptopia:kale_seed":1,"minecraft:honeycomb":27,"minecraft:oak_planks":136,"croptopia:chile_pepper_seed":5,"the_bumblezone:stingless_bee_helmet_1":1,"croptopia:mustard":3,"snowyspirit:sled_oak":7,"minecraft:oak_pressure_plate":1,"minecraft:poisonous_potato":1,"minecraft:sand":32,"croptopia:oat":23,"minecraft:grass_block":1,"winterly:cryomarble_shard":2,"minecraft:barrel":1,"croptopia:chile_pepper":3,"wildlife:ferret":3,"the_bumblezone:honey_crystal_shield":2,"minecraft:spruce_sign":4,"minecraft:bread":1,"minecraft:golden_horse_armor":2,"minecraft:emerald":5,"minecraft:oak_sapling":63,"the_bumblezone:porous_honeycomb_block":32,"minecraft:charcoal":2,"minecraft:crafting_table":8,"minecraft:azure_bluet":3,"minecraft:purple_wool":1,"minecraft:ladder":4,"croptopia:sweetpotato_seed":12,"mcwdoors:oak_barn_door":8,"promenade:blunite":22,"minecraft:shield":1,"minecraft:cornflower":3,"minecraft:oak_trapdoor":6,"minecraft:red_bed":4,"minecraft:stone_stairs":2,"minecraft:iron_axe":1,"artifacts:feral_claws":1,"croptopia:bellpepper_seed":3,"croptopia:soybean":2,"minecraft:cracked_stone_bricks":1,"morevillagers:gardening_table":2,"orpheus:deepslate_tears_of_hades_ore":1,"immersive_armors:wooden_leggings":1,"croptopia:pepper_seed":3,"minecraft:player_head":1,"minecraft:spruce_slab":3,"duckling:raw_duck":1,"minecraft:chest":2,"minecraft:phantom_membrane":3,"minecraft:egg":4,"the_bumblezone:crystal_cannon":2,"minecraft:raw_iron":22,"croptopia:corn_seed":7,"minecraft:stone":1,"croptopia:soybean_seed":3,"promenade:asphalt":7,"croptopia:greenbean_seed":4,"mcwbridges:cobblestone_bridge_pier":4,"minecraft:carrot":29,"minecraft:redstone":64,"minecraft:iron_horse_armor":1,"weaponworks:stone_katana":1,"minecraft:dark_oak_planks":11,"croptopia:grape":1,"croptopia:cantaloupe_seed":1,"immersive_armors:wooden_helmet":1,"minecraft:arrow":12,"minecraft:saddle":1,"minecraft:hay_block":17,"minecraft:stripped_dark_oak_wood":10,"minecraft:gold_ingot":20,"croptopia:pepper":3,"croptopia:salt":5,"minecraft:skeleton_skull":1,"stoneworks:andesite_paver_slab":2,"stoneworks:andesite_shingle_slab":2,"minecraft:oxeye_daisy":2,"minecraft:stripped_oak_log":1,"minecraft:acacia_wood":8,"the_bumblezone:honey_bucket":12,"croptopia:tea_leaves":1,"minecraft:oak_log":170,"minecraft:golden_boots":1,"minecraft:gunpowder":5,"minecraft:cobblestone_stairs":2,"weaponworks:stone_greatsword":1,"minecraft:apple":41,"croptopia:barley":5,"mcwbridges:balustrade_cobblestone_bridge":1,"minecraft:iron_ingot":59,"minecraft:stone_pickaxe":1,"travelersbackpack:coal":1,"bettermcdonaldsmod:tomato_seeds":13,"the_bumblezone:carpenter_bee_boots_1":1,"betternether:oak_chair":2,"minecraft:smooth_basalt":6,"minecraft:dark_oak_slab":9,"the_bumblezone:beehive_beeswax":30,"minecraft:pumpkin":3,"stoneworks:stone_pillar":1,"croptopia:starfruit":1,"minecraft:dandelion":5,"minecraft:gravel":6,"minecraft:spruce_sapling":2,"croptopia:tea_seed":2,"the_bumblezone:honey_cocoon":1,"minecraft:spider_eye":2,"croptopia:oat_seed":30,"minecraft:stone_axe":3,"minecraft:honey_block":3,"immersive_armors:wooden_chestplate":1,"bettermcdonaldsmod:lettuce_seeds":285,"the_bumblezone:pollen_puff":106,"croptopia:greenbean":2,"immersive_armors:wooden_boots":1,"minecraft:coal":122,"minecraft:ender_pearl":2},"minecraft:used":{"stoneworks:andesite_plate_slab":2,"minecraft:spruce_slab":1,"minecraft:ladder":4,"minecraft:oak_sign":1,"minecraft:chest":11,"minecraft:shield":48,"minecraft:stone":3,"minecraft:iron_sword":52,"weaponworks:diamond_greatsword":1,"croptopia:oat":1,"minecraft:rotten_flesh":1,"minecraft:iron_chestplate":3,"croptopia:broccoli":2,"minecraft:carrot":42,"minecraft:beehive":1,"minecraft:azure_bluet":2,"stoneworks:andesite_shingle_slab":2,"minecraft:milk_bucket":2,"minecraft:lava_bucket":4,"minecraft:lantern":36,"minecraft:dark_oak_slab":81,"stoneworks:stone_tile_slab":69,"immersive_armors:wooden_chestplate":2,"minecraft:honeycomb_block":11,"minecraft:hay_block":1,"minecraft:oak_sapling":50,"minecraft:furnace":2,"croptopia:barley":3,"minecraft:egg":2,"minecraft:potato":127,"immersive_armors:wooden_helmet":2,"croptopia:sweetpotato_seed":7,"minecraft:stone_pickaxe":472,"minecraft:oak_planks":98,"the_bumblezone:stinger_spear":25,"minecraft:ender_pearl":2,"snowyspirit:sled_oak":7,"minecraft:composter":1,"endermanoverhaul:ancient_pearl":1,"bettermcdonaldsmod:lettuce_seeds":175,"morevillagers:gardening_table":2,"duckling:raw_duck":1,"minecraft:bread":40,"bettermcdonaldsmod:lettuce":28,"minecraft:oak_pressure_plate":2,"wildlife:ferret":11,"grassoverhaul:dirt_sod_patch":24,"stoneworks:andesite_tile_slab":2,"stoneworks:stone_tile_wall":18,"mcwdoors:oak_barn_door":10,"mcwbridges:cobblestone_bridge_pier":4,"minecraft:purple_wool":1,"croptopia:corn":1,"minecraft:oak_fence":25,"minecraft:oak_trapdoor":8,"the_bumblezone:sugar_water_bucket":133,"minecraft:stone_shovel":673,"minecraft:stone_hoe":573,"promenade:asphalt":7,"minecraft:torch":26,"the_bumblezone:honey_crystal_shield":4,"minecraft:dirt":647,"minecraft:anvil":1,"croptopia:chile_pepper":3,"minecraft:stone_stairs":3,"minecraft:cod_bucket":1,"the_bumblezone:porous_honeycomb_block":16,"minecraft:salmon_bucket":3,"croptopia:tea":2,"croptopia:oat_seed":24,"minecraft:dark_oak_planks":11,"weaponworks:stone_katana":28,"minecraft:chipped_anvil":2,"minecraft:iron_axe":138,"minecraft:oak_stairs":6,"promenade:blueberries":2,"stoneworks:andesite_paver_slab":2,"minecraft:barrel":1,"minecraft:smooth_basalt":6,"the_bumblezone:honey_bucket":12,"minecraft:acacia_wood":1,"mcwbridges:cobblestone_bridge":3,"wildlife:sparrow":1,"stoneworks:stone_pillar":21,"naturalist:bass_bucket":1,"minecraft:acacia_planks":5,"minecraft:iron_leggings":1,"minecraft:light_gray_bed":5,"minecraft:pointed_dripstone":2,"croptopia:grape":1,"betternether:oak_chair":3,"minecraft:wheat_seeds":22,"minecraft:water_bucket":99,"minecraft:cobblestone_stairs":4,"weaponworks:stone_greatsword":100,"minecraft:baked_potato":8,"croptopia:corn_seed":5,"travelersbackpack:coal":5,"minecraft:stonecutter":2,"minecraft:cobblestone_slab":4,"mcwbridges:balustrade_cobblestone_bridge":1,"the_bumblezone:pollen_puff":25,"minecraft:crafting_table":11,"minecraft:red_bed":4,"croptopia:sweetpotato":1,"minecraft:smoker":2,"croptopia:kale":1,"minecraft:oak_log":13,"minecraft:cornflower":1,"minecraft:oxeye_daisy":1,"minecraft:iron_pickaxe":451,"minecraft:stone_slab":5,"minecraft:stone_axe":237,"handcrafted:oak_pillar_trim":39,"minecraft:pink_petals":1,"minecraft:cobblestone":245,"minecraft:porkchop":3,"minecraft:bucket":248,"minecraft:glass_pane":4,"croptopia:greenbean":2,"minecraft:dandelion":5}},"DataVersion":3465}