{"stats":{"minecraft:crafted":{"grassoverhaul:dirt_sod_patch":8,"minecraft:oak_planks":48,"minecraft:stone_shovel":1,"snowyspirit:sled_oak":1,"minecraft:furnace":1,"immersive_armors:wooden_chestplate":1,"minecraft:stone_pickaxe":1,"minecraft:chest":2,"immersive_armors:wooden_helmet":1,"minecraft:emerald":1,"minecraft:crafting_table":2,"immersive_armors:wooden_leggings":1,"minecraft:bucket":1,"minecraft:stone_axe":1,"minecraft:bread":7,"immersive_armors:wooden_boots":1,"minecraft:shield":1,"minecraft:stick":4,"minecraft:flint":8,"minecraft:iron_pickaxe":1,"minecraft:iron_ingot":28,"minecraft:acacia_planks":20},"minecraft:custom":{"lootr:looted_stat":26,"minecraft:mob_kills":12,"minecraft:interact_with_crafting_table":40,"goblintraders:trade_with_goblin":19,"minecraft:leave_game":14,"minecraft:time_since_death":50818,"minecraft:sprint_one_cm":367689,"minecraft:walk_one_cm":525313,"minecraft:damage_blocked_by_shield":1863,"minecraft:drop":30,"minecraft:talked_to_villager":1,"minecraft:play_time":196048,"minecraft:deaths":13,"minecraft:sneak_time":16395,"minecraft:walk_under_water_one_cm":13560,"minecraft:jump":3063,"minecraft:walk_on_water_one_cm":5263,"minecraft:total_world_time":196048,"minecraft:interact_with_furnace":5,"minecraft:time_since_rest":50845,"minecraft:damage_taken":7172,"minecraft:damage_dealt":3657,"minecraft:swim_one_cm":455,"minecraft:fly_one_cm":467034,"minecraft:player_kills":4,"minecraft:open_chest":33,"minecraft:crouch_one_cm":36862,"minecraft:fall_one_cm":86116,"minecraft:horse_one_cm":24895},"minecraft:killed":{"minecraft:cave_spider":2,"minecraft:witch":2,"minecraft:skeleton":8,"minecraft:creeper":2,"minecraft:pillager":4,"tinyskeletons:baby_skeleton":2,"endermanoverhaul:axolotl_pet_enderman":2,"minecraft:player":2},"minecraft:killed_by":{"bosses_of_mass_destruction:void_blossom":5,"minecraft:vindicator":2,"minecraft:cave_spider":1,"minecraft:skeleton":3},"minecraft:mined":{"minecraft:tuff":5,"croptopia:pepper_crop":1,"grassoverhaul:dirt_sod_patch":4,"minecraft:brewing_stand":1,"minecraft:cave_vines_plant":1,"minecraft:grass_block":44,"morevillagers:gardening_table":2,"minecraft:oxeye_daisy":1,"croptopia:barley_crop":2,"minecraft:hay_block":17,"minecraft:iron_ore":18,"minecraft:acacia_wood":10,"croptopia:soybean_crop":2,"minecraft:andesite":6,"minecraft:pumpkin":3,"treechop:chopped_log":1,"minecraft:dirt_path":1,"amendments:wall_lantern":7,"minecraft:lantern":2,"minecraft:stone":305,"lootr:lootr_barrel":1,"minecraft:red_bed":2,"promenade:blunite":11,"minecraft:crafting_table":3,"minecraft:cornflower":2,"croptopia:oat_crop":2,"minecraft:chest":2,"minecraft:campfire":1,"minecraft:cobblestone":9,"minecraft:tall_grass":7,"croptopia:broccoli_crop":1,"minecraft:deepslate_gold_ore":3,"minecraft:oak_planks":4,"minecraft:diorite":3,"minecraft:wall_torch":1,"mca:cross_headstone":1,"minecraft:skeleton_skull":1,"minecraft:pink_petals":35,"minecraft:purple_wool":1,"minecraft:grass":44,"minecraft:oak_log":19,"minecraft:coal_ore":61,"minecraft:gravel":3,"minecraft:dirt":52,"minecraft:cracked_stone_bricks":2,"minecraft:smooth_basalt":8,"promenade:asphalt":7,"minecraft:mossy_stone_bricks":1,"minecraft:deepslate":56},"minecraft:dropped":{"wildlife:ferret":1,"minecraft:emerald":2,"bettermcdonaldsmod:tomato_seeds":2,"minecraft:dirt":4,"croptopia:barley_seed":1,"minecraft:pink_petals":55,"croptopia:soybean":1,"minecraft:acacia_planks":3,"universal_graves:grave_compass":8,"minecraft:andesite":2,"minecraft:raw_gold":3,"croptopia:barley":1},"minecraft:picked_up":{"minecraft:charcoal":2,"minecraft:crafting_table":3,"minecraft:purple_wool":1,"minecraft:enchanted_book":1,"minecraft:brewing_stand":1,"promenade:blunite":22,"minecraft:cornflower":2,"minecraft:string":3,"minecraft:red_bed":2,"universal_graves:grave_compass":3,"croptopia:soybean":1,"minecraft:sea_pickle":1,"minecraft:cracked_stone_bricks":1,"morevillagers:gardening_table":2,"minecraft:cobbled_deepslate":48,"croptopia:pepper_seed":1,"minecraft:chest":2,"minecraft:egg":3,"minecraft:stick":2,"minecraft:raw_iron":14,"croptopia:barley_seed":3,"croptopia:soybean_seed":2,"promenade:asphalt":7,"minecraft:pointed_dripstone":2,"minecraft:diorite":6,"minecraft:iron_horse_armor":1,"minecraft:arrow":7,"minecraft:rotten_flesh":2,"minecraft:hay_block":17,"minecraft:gold_ingot":18,"croptopia:pepper":1,"minecraft:skeleton_skull":1,"minecraft:cobblestone":386,"minecraft:oxeye_daisy":1,"minecraft:pink_petals":66,"croptopia:broccoli_seed":1,"minecraft:andesite":10,"minecraft:acacia_wood":8,"minecraft:potato":20,"minecraft:flint":8,"minecraft:tuff":4,"minecraft:oak_log":36,"minecraft:gunpowder":2,"minecraft:dirt":87,"minecraft:lantern":10,"minecraft:bone":7,"croptopia:barley":2,"minecraft:apple":27,"minecraft:bow":1,"minecraft:wheat_seeds":8,"minecraft:raw_gold":3,"grassoverhaul:dirt_sod_patch":4,"bettermcdonaldsmod:tomato_seeds":3,"minecraft:mossy_stone_bricks":1,"minecraft:oak_planks":4,"minecraft:smooth_basalt":6,"minecraft:pumpkin":3,"snowyspirit:sled_oak":4,"minecraft:gravel":6,"croptopia:oat":2,"minecraft:spider_eye":2,"winterly:cryomarble_shard":2,"minecraft:barrel":1,"wildlife:ferret":2,"croptopia:oat_seed":3,"bettermcdonaldsmod:lettuce_seeds":4,"minecraft:golden_horse_armor":2,"minecraft:emerald":5,"minecraft:oak_sapling":28,"minecraft:coal":59},"minecraft:used":{"minecraft:stone_shovel":73,"minecraft:chest":4,"minecraft:shield":33,"minecraft:iron_sword":52,"minecraft:rotten_flesh":1,"promenade:asphalt":7,"minecraft:iron_chestplate":1,"minecraft:dirt":43,"minecraft:carrot":20,"minecraft:lantern":9,"minecraft:barrel":1,"minecraft:smooth_basalt":6,"minecraft:hay_block":1,"minecraft:oak_sapling":17,"minecraft:furnace":1,"minecraft:acacia_wood":1,"minecraft:egg":1,"minecraft:acacia_planks":5,"minecraft:iron_leggings":1,"minecraft:pointed_dripstone":2,"minecraft:water_bucket":6,"minecraft:stone_pickaxe":115,"minecraft:oak_planks":9,"snowyspirit:sled_oak":4,"endermanoverhaul:ancient_pearl":1,"minecraft:crafting_table":4,"minecraft:red_bed":2,"morevillagers:gardening_table":2,"minecraft:bread":19,"minecraft:iron_pickaxe":397,"wildlife:ferret":1,"grassoverhaul:dirt_sod_patch":8,"minecraft:stone_axe":70,"minecraft:pink_petals":1,"minecraft:cobblestone":153,"minecraft:bucket":7,"minecraft:purple_wool":1}},"DataVersion":3465}