{"stats":{"minecraft:killed":{"minecraft:spider":2,"minecraft:skeleton":2,"naturalist:snail":2,"enderzoology:fallen_knight":2,"minecraft:iron_golem":2,"minecraft:pillager":6,"minecraft:player":4},"minecraft:picked_up":{"minecraft:wheat":45,"minecraft:charcoal":18,"minecraft:crafting_table":8,"minecraft:iron_chestplate":10,"minecraft:purple_wool":3,"croptopia:peach":1,"croptopia:kale":4,"croptopia:broccoli":3,"croptopia:sweetpotato_seed":20,"minecraft:wooden_pickaxe":2,"minecraft:wither_rose":2,"minecraft:shield":5,"enderzoology:withering_dust":1,"minecraft:string":7,"minecraft:red_bed":4,"mutantmonsters:mutant_skeleton_skull":1,"minecraft:iron_leggings":4,"universal_graves:grave_compass":7,"croptopia:bellpepper_seed":6,"minecraft:iron_pickaxe":14,"hangglider:hang_glider":1,"minecraft:chest":2,"minecraft:furnace":6,"hauntedharvest:grim_apple":1,"minecraft:stick":29,"minecraft:raw_iron":66,"croptopia:corn_seed":4,"croptopia:cucumber":1,"croptopia:barley_seed":2,"minecraft:torch":20,"minecraft:cherry_log":22,"minecraft:stone_sword":7,"minecraft:arrow":2,"minecraft:stone_shovel":1,"friendsandfoes:waxed_lightning_rod":1,"mutantmonsters:mutant_skeleton_rib":1,"minecraft:gold_ingot":18,"minecraft:stripped_birch_wood":4,"minecraft:iron_bars":30,"minecraft:cobblestone":290,"minecraft:pink_petals":176,"minecraft:cherry_planks":162,"croptopia:broccoli_seed":11,"minecraft:andesite":3,"minecraft:potato":48,"minecraft:filled_map":3,"minecraft:oak_log":4,"mutantmonsters:mutant_skeleton_limb":2,"minecraft:lapis_lazuli":2,"minecraft:dirt":136,"minecraft:bone":52,"croptopia:corn":2,"chococraft:gysahl_green":12,"croptopia:sweetpotato":1,"minecraft:bow":9,"minecraft:wheat_seeds":24,"croptopia:bellpepper":3,"minecraft:iron_ingot":86,"minecraft:stone_pickaxe":2,"lookinsharp:battering_artifact":1,"minecraft:stripped_oak_wood":1,"bettermcdonaldsmod:tomato_seeds":38,"croptopia:kale_seed":2,"minecraft:iron_sword":9,"minecraft:oak_planks":135,"duckling:duck_egg":1,"croptopia:chile_pepper_seed":5,"the_bumblezone:stingless_bee_helmet_1":1,"croptopia:cucumber_seed":6,"minecraft:lava_bucket":1,"chococraft:gysahl_green_seeds":6,"minecraft:leather_helmet":3,"croptopia:chile_pepper":5,"minecraft:oak_wood":18,"minecraft:purple_bed":1,"minecraft:slime_ball":5,"minecraft:stone_axe":6,"minecraft:iron_helmet":4,"bettermcdonaldsmod:lettuce_seeds":41,"minecraft:cherry_sapling":24,"minecraft:emerald":28,"minecraft:bread":1,"minecraft:coal":150},"minecraft:crafted":{"minecraft:cherry_planks":44,"minecraft:oak_planks":72,"minecraft:stone_shovel":1,"minecraft:furnace":1,"croptopia:cucumber_seed":1,"minecraft:stone_pickaxe":1,"minecraft:chest":3,"minecraft:crafting_table":1,"minecraft:wooden_pickaxe":1,"minecraft:bucket":1,"minecraft:stone_axe":1,"minecraft:bread":5,"minecraft:air":0,"minecraft:charcoal":4,"minecraft:shield":1,"minecraft:stick":12,"minecraft:stone_sword":2,"minecraft:torch":4},"minecraft:dropped":{"bettermcdonaldsmod:lettuce_seeds":1,"croptopia:kale":3,"minecraft:crafting_table":1,"minecraft:stripped_birch_wood":4,"bettermcdonaldsmod:tomato_seeds":1,"minecraft:dirt":24,"croptopia:barley_seed":1,"minecraft:purple_wool":1,"minecraft:stripped_oak_wood":1,"minecraft:stone_sword":1,"universal_graves:grave_compass":9,"minecraft:oak_planks":8,"croptopia:broccoli":3,"croptopia:broccoli_seed":1,"minecraft:purple_bed":1,"minecraft:chest":2,"minecraft:arrow":2,"minecraft:wooden_pickaxe":1,"minecraft:stone_pickaxe":1,"friendsandfoes:waxed_lightning_rod":1},"minecraft:custom":{"lootr:looted_stat":5,"minecraft:mob_kills":9,"minecraft:interact_with_crafting_table":13,"minecraft:leave_game":11,"minecraft:time_since_death":2124,"minecraft:climb_one_cm":3053,"minecraft:sprint_one_cm":174261,"minecraft:walk_one_cm":323897,"minecraft:damage_blocked_by_shield":2730,"minecraft:drop":42,"minecraft:play_time":85681,"minecraft:deaths":14,"minecraft:sneak_time":7113,"minecraft:walk_under_water_one_cm":363,"minecraft:jump":1691,"minecraft:walk_on_water_one_cm":3353,"minecraft:total_world_time":85681,"minecraft:interact_with_furnace":7,"minecraft:sleep_in_bed":9,"minecraft:time_since_rest":2133,"minecraft:damage_taken":4732,"minecraft:damage_dealt":2947,"minecraft:player_kills":2,"minecraft:fly_one_cm":441664,"minecraft:open_chest":33,"minecraft:crouch_one_cm":21121,"minecraft:fall_one_cm":42822},"minecraft:used":{"minecraft:stone_shovel":34,"minecraft:chest":3,"minecraft:shield":37,"minecraft:iron_sword":96,"minecraft:dirt":32,"croptopia:chile_pepper":2,"minecraft:lava_bucket":10,"croptopia:peach":1,"minecraft:furnace":4,"minecraft:potato":1,"minecraft:stone_pickaxe":89,"minecraft:oak_planks":39,"minecraft:iron_golem_spawn_egg":1,"minecraft:wooden_pickaxe":10,"minecraft:cherry_planks":1,"hauntedharvest:grim_apple":1,"minecraft:crafting_table":5,"minecraft:red_bed":2,"croptopia:sweetpotato":1,"minecraft:apple":2,"minecraft:bread":8,"minecraft:iron_pickaxe":8,"minecraft:stone_axe":62,"minecraft:cobblestone":7,"minecraft:andesite":3,"minecraft:bucket":11,"minecraft:purple_wool":1},"minecraft:mined":{"croptopia:bellpepper_crop":1,"croptopia:cucumber_crop":2,"croptopia:kale_crop":1,"minecraft:grass_block":61,"friendsandfoes:waxed_lightning_rod":1,"croptopia:barley_crop":2,"universal_graves:grave":1,"minecraft:furnace":3,"minecraft:iron_ore":11,"minecraft:fire":42,"croptopia:corn_crop":1,"croptopia:peach_crop":1,"chococraft:gysahl_green":1,"minecraft:stone":53,"minecraft:cherry_planks":1,"minecraft:red_bed":2,"croptopia:sweetpotato_crop":2,"minecraft:crafting_table":3,"minecraft:oak_wood":19,"minecraft:cobblestone":11,"minecraft:tall_grass":1,"croptopia:broccoli_crop":2,"minecraft:oak_planks":3,"minecraft:pink_petals":20,"minecraft:seagrass":2,"minecraft:purple_wool":2,"minecraft:purple_bed":1,"minecraft:stripped_oak_wood":1,"croptopia:chile_pepper_crop":2,"minecraft:grass":53,"minecraft:oak_log":4,"minecraft:coal_ore":25,"minecraft:dirt":11,"minecraft:stripped_birch_wood":4,"minecraft:cobweb":2},"minecraft:killed_by":{"minecraft:player":2,"minecraft:creeper":1,"enderzoology:fallen_knight":1,"mutantmonsters:mutant_skeleton":5,"minecraft:skeleton":1}},"DataVersion":3465}