{"stats":{"minecraft:killed":{"minecraft:skeleton":2,"naturalist:snail":2,"minecraft:pillager":6},"minecraft:picked_up":{"minecraft:wheat":30,"minecraft:charcoal":9,"minecraft:pink_petals":176,"minecraft:iron_chestplate":6,"minecraft:crafting_table":7,"minecraft:purple_wool":3,"minecraft:cherry_planks":101,"croptopia:broccoli_seed":7,"croptopia:broccoli":3,"croptopia:sweetpotato_seed":12,"minecraft:wooden_pickaxe":2,"minecraft:potato":24,"minecraft:filled_map":2,"minecraft:wither_rose":2,"minecraft:oak_log":4,"minecraft:shield":3,"minecraft:lapis_lazuli":2,"minecraft:dirt":78,"minecraft:red_bed":4,"minecraft:iron_leggings":2,"universal_graves:grave_compass":3,"minecraft:bone":22,"croptopia:sweetpotato":1,"minecraft:bow":5,"minecraft:wheat_seeds":5,"minecraft:iron_ingot":49,"minecraft:stone_pickaxe":2,"minecraft:stripped_oak_wood":1,"bettermcdonaldsmod:tomato_seeds":10,"minecraft:iron_pickaxe":7,"minecraft:oak_planks":120,"minecraft:iron_sword":4,"hauntedharvest:grim_apple":1,"minecraft:furnace":4,"croptopia:chile_pepper_seed":2,"minecraft:stick":23,"minecraft:raw_iron":33,"croptopia:barley_seed":2,"minecraft:torch":12,"minecraft:cherry_log":22,"croptopia:chile_pepper":1,"minecraft:oak_wood":18,"minecraft:stone_sword":6,"minecraft:arrow":2,"minecraft:purple_bed":1,"minecraft:slime_ball":5,"friendsandfoes:waxed_lightning_rod":1,"minecraft:stone_axe":4,"minecraft:iron_helmet":2,"bettermcdonaldsmod:lettuce_seeds":19,"minecraft:cherry_sapling":24,"minecraft:emerald":10,"minecraft:gold_ingot":18,"minecraft:bread":1,"minecraft:stripped_birch_wood":4,"minecraft:iron_bars":12,"minecraft:coal":75,"minecraft:cobblestone":182},"minecraft:crafted":{"minecraft:cherry_planks":44,"minecraft:oak_planks":72,"minecraft:wooden_pickaxe":1,"minecraft:furnace":1,"minecraft:stone_axe":1,"minecraft:air":0,"minecraft:charcoal":4,"minecraft:shield":1,"minecraft:stick":4,"minecraft:stone_pickaxe":1,"minecraft:stone_sword":2,"minecraft:torch":4},"minecraft:dropped":{"bettermcdonaldsmod:lettuce_seeds":1,"minecraft:stripped_birch_wood":4,"universal_graves:grave_compass":7,"minecraft:oak_planks":8,"bettermcdonaldsmod:tomato_seeds":1,"minecraft:dirt":24,"croptopia:broccoli":3,"croptopia:broccoli_seed":1,"minecraft:purple_bed":1,"croptopia:barley_seed":1,"minecraft:arrow":2,"minecraft:stone_pickaxe":1,"minecraft:wooden_pickaxe":1,"minecraft:stripped_oak_wood":1,"minecraft:purple_wool":1,"friendsandfoes:waxed_lightning_rod":1},"minecraft:custom":{"minecraft:interact_with_furnace":4,"lootr:looted_stat":5,"minecraft:mob_kills":5,"minecraft:interact_with_crafting_table":7,"minecraft:leave_game":1,"minecraft:time_since_death":1069,"minecraft:sleep_in_bed":5,"minecraft:climb_one_cm":3053,"minecraft:time_since_rest":1099,"minecraft:sprint_one_cm":79551,"minecraft:damage_taken":2758,"minecraft:walk_one_cm":177732,"minecraft:damage_blocked_by_shield":2595,"minecraft:drop":34,"minecraft:damage_dealt":970,"minecraft:fly_one_cm":102783,"minecraft:crouch_one_cm":13175,"minecraft:play_time":54920,"minecraft:deaths":8,"minecraft:sneak_time":5330,"minecraft:jump":814,"minecraft:walk_on_water_one_cm":61,"minecraft:total_world_time":54920,"minecraft:fall_one_cm":21694},"minecraft:used":{"minecraft:stone_pickaxe":89,"minecraft:oak_planks":7,"minecraft:shield":36,"minecraft:wooden_pickaxe":10,"minecraft:iron_sword":13,"hauntedharvest:grim_apple":1,"minecraft:dirt":24,"minecraft:crafting_table":3,"minecraft:red_bed":1,"croptopia:chile_pepper":1,"croptopia:sweetpotato":1,"minecraft:apple":2,"minecraft:bread":3,"minecraft:iron_pickaxe":1,"minecraft:stone_axe":58,"minecraft:cobblestone":7,"minecraft:furnace":1,"minecraft:potato":1,"minecraft:purple_wool":1},"minecraft:mined":{"croptopia:cucumber_crop":1,"minecraft:red_bed":2,"croptopia:sweetpotato_crop":2,"minecraft:crafting_table":3,"minecraft:oak_wood":19,"minecraft:grass_block":24,"croptopia:broccoli_crop":2,"minecraft:cobblestone":7,"croptopia:barley_crop":2,"friendsandfoes:waxed_lightning_rod":1,"minecraft:pink_petals":20,"minecraft:purple_wool":2,"minecraft:purple_bed":1,"universal_graves:grave":1,"minecraft:furnace":1,"minecraft:iron_ore":11,"minecraft:fire":42,"minecraft:stripped_oak_wood":1,"croptopia:chile_pepper_crop":1,"minecraft:grass":9,"minecraft:coal_ore":25,"minecraft:oak_log":4,"minecraft:dirt":10,"minecraft:stripped_birch_wood":4,"minecraft:stone":53},"minecraft:killed_by":{"enderzoology:fallen_knight":1,"minecraft:player":1,"minecraft:skeleton":1,"minecraft:creeper":1}},"DataVersion":3465}