{"stats":{"minecraft:crafted":{"grassoverhaul:dirt_sod_patch":8,"minecraft:oak_planks":48,"minecraft:stone_shovel":1,"minecraft:emerald":1,"minecraft:crafting_table":1,"minecraft:furnace":1,"minecraft:stone_axe":1,"minecraft:bread":7,"minecraft:shield":1,"minecraft:flint":8,"minecraft:iron_ingot":28,"minecraft:iron_pickaxe":1,"minecraft:stone_pickaxe":1,"minecraft:chest":2,"minecraft:acacia_planks":20},"minecraft:custom":{"minecraft:interact_with_furnace":1,"lootr:looted_stat":24,"minecraft:mob_kills":10,"minecraft:interact_with_crafting_table":23,"goblintraders:trade_with_goblin":19,"minecraft:leave_game":7,"minecraft:time_since_death":14769,"minecraft:time_since_rest":14794,"minecraft:sprint_one_cm":277449,"minecraft:damage_taken":4311,"minecraft:walk_one_cm":351266,"minecraft:damage_blocked_by_shield":1623,"minecraft:drop":23,"minecraft:damage_dealt":2873,"minecraft:talked_to_villager":1,"minecraft:swim_one_cm":455,"minecraft:player_kills":4,"minecraft:fly_one_cm":354845,"minecraft:open_chest":23,"minecraft:crouch_one_cm":23766,"minecraft:play_time":125247,"minecraft:deaths":8,"minecraft:sneak_time":9760,"minecraft:walk_under_water_one_cm":6966,"minecraft:jump":2279,"minecraft:walk_on_water_one_cm":1491,"minecraft:total_world_time":125247,"minecraft:fall_one_cm":65560},"minecraft:killed":{"minecraft:cave_spider":2,"minecraft:witch":2,"minecraft:skeleton":6,"minecraft:pillager":4,"tinyskeletons:baby_skeleton":2,"endermanoverhaul:axolotl_pet_enderman":2,"minecraft:player":2},"minecraft:killed_by":{"minecraft:vindicator":2,"minecraft:cave_spider":1,"minecraft:skeleton":3},"minecraft:mined":{"grassoverhaul:dirt_sod_patch":4,"minecraft:red_bed":2,"promenade:blunite":11,"minecraft:brewing_stand":1,"minecraft:crafting_table":2,"minecraft:grass_block":41,"morevillagers:gardening_table":2,"minecraft:chest":2,"minecraft:campfire":1,"minecraft:tall_grass":5,"minecraft:cobblestone":1,"minecraft:oak_planks":4,"minecraft:diorite":3,"minecraft:wall_torch":1,"minecraft:skeleton_skull":1,"minecraft:pink_petals":35,"minecraft:hay_block":17,"croptopia:barley_crop":2,"minecraft:purple_wool":1,"minecraft:iron_ore":18,"minecraft:acacia_wood":10,"croptopia:soybean_crop":1,"minecraft:andesite":6,"treechop:chopped_log":1,"minecraft:pumpkin":3,"minecraft:grass":23,"minecraft:coal_ore":46,"minecraft:dirt_path":1,"amendments:wall_lantern":4,"minecraft:gravel":2,"minecraft:dirt":52,"minecraft:cracked_stone_bricks":1,"minecraft:stone":237,"promenade:asphalt":7,"minecraft:deepslate":4},"minecraft:dropped":{"universal_graves:grave_compass":6,"wildlife:ferret":1,"minecraft:emerald":2,"minecraft:dirt":4,"minecraft:andesite":2,"croptopia:barley_seed":1,"croptopia:barley":1,"minecraft:pink_petals":55,"croptopia:soybean":1,"minecraft:acacia_planks":3},"minecraft:picked_up":{"minecraft:charcoal":2,"minecraft:pink_petals":66,"minecraft:crafting_table":2,"minecraft:purple_wool":1,"minecraft:andesite":10,"minecraft:potato":20,"minecraft:acacia_wood":8,"minecraft:enchanted_book":1,"minecraft:flint":8,"minecraft:oak_log":17,"minecraft:brewing_stand":1,"promenade:blunite":22,"minecraft:string":3,"minecraft:dirt":85,"minecraft:red_bed":2,"minecraft:lantern":5,"croptopia:soybean":1,"minecraft:bone":7,"minecraft:apple":27,"croptopia:barley":2,"minecraft:sea_pickle":1,"morevillagers:gardening_table":2,"minecraft:wheat_seeds":4,"grassoverhaul:dirt_sod_patch":4,"minecraft:chest":2,"minecraft:oak_planks":4,"minecraft:egg":2,"minecraft:stick":2,"minecraft:raw_iron":14,"croptopia:barley_seed":3,"minecraft:pumpkin":3,"croptopia:soybean_seed":2,"promenade:asphalt":7,"minecraft:gravel":4,"minecraft:pointed_dripstone":2,"minecraft:diorite":6,"minecraft:iron_horse_armor":1,"minecraft:arrow":6,"wildlife:ferret":2,"minecraft:rotten_flesh":2,"bettermcdonaldsmod:lettuce_seeds":3,"minecraft:hay_block":17,"minecraft:gold_ingot":18,"minecraft:golden_horse_armor":2,"minecraft:emerald":5,"minecraft:oak_sapling":28,"minecraft:skeleton_skull":1,"minecraft:coal":45,"minecraft:cobblestone":313},"minecraft:used":{"minecraft:stone_shovel":72,"minecraft:stone_pickaxe":115,"minecraft:oak_planks":9,"minecraft:chest":4,"minecraft:shield":29,"minecraft:iron_sword":52,"minecraft:rotten_flesh":1,"promenade:asphalt":7,"minecraft:iron_chestplate":1,"endermanoverhaul:ancient_pearl":1,"minecraft:dirt":41,"minecraft:crafting_table":3,"minecraft:red_bed":2,"minecraft:carrot":3,"morevillagers:gardening_table":2,"minecraft:lantern":4,"minecraft:bread":17,"minecraft:iron_pickaxe":229,"wildlife:ferret":1,"grassoverhaul:dirt_sod_patch":8,"minecraft:stone_axe":36,"minecraft:pink_petals":1,"minecraft:cobblestone":52,"minecraft:hay_block":1,"minecraft:furnace":1,"minecraft:acacia_wood":1,"minecraft:acacia_planks":5,"minecraft:purple_wool":1,"minecraft:iron_leggings":1,"minecraft:pointed_dripstone":2}},"DataVersion":3465}