{"stats":{"minecraft:crafted":{"minecraft:oak_planks":48,"minecraft:stone_shovel":1,"minecraft:crafting_table":1,"minecraft:stone_axe":1,"minecraft:shield":1,"minecraft:iron_pickaxe":1,"minecraft:stone_pickaxe":1,"minecraft:chest":1,"minecraft:acacia_planks":12},"minecraft:custom":{"minecraft:interact_with_furnace":1,"lootr:looted_stat":8,"minecraft:mob_kills":5,"minecraft:interact_with_crafting_table":9,"minecraft:leave_game":3,"minecraft:time_since_death":2010,"minecraft:time_since_rest":2040,"minecraft:sprint_one_cm":163334,"minecraft:damage_taken":3009,"minecraft:walk_one_cm":153313,"minecraft:damage_blocked_by_shield":1155,"minecraft:drop":14,"minecraft:damage_dealt":1674,"minecraft:fly_one_cm":208707,"minecraft:player_kills":3,"minecraft:open_chest":3,"minecraft:crouch_one_cm":11115,"minecraft:play_time":54473,"minecraft:deaths":6,"minecraft:sneak_time":5147,"minecraft:jump":1246,"minecraft:total_world_time":54473,"minecraft:fall_one_cm":41434},"minecraft:killed":{"minecraft:skeleton":4,"minecraft:pillager":4,"minecraft:player":2},"minecraft:killed_by":{"minecraft:vindicator":1,"minecraft:skeleton":3},"minecraft:mined":{"minecraft:red_bed":1,"promenade:blunite":11,"minecraft:crafting_table":1,"minecraft:grass_block":29,"morevillagers:gardening_table":2,"minecraft:campfire":1,"minecraft:tall_grass":4,"minecraft:cobblestone":1,"minecraft:oak_planks":1,"minecraft:pink_petals":33,"minecraft:hay_block":17,"croptopia:barley_crop":2,"minecraft:iron_ore":5,"minecraft:acacia_wood":7,"croptopia:soybean_crop":1,"minecraft:andesite":2,"minecraft:pumpkin":3,"treechop:chopped_log":1,"minecraft:grass":12,"minecraft:coal_ore":46,"minecraft:dirt_path":1,"amendments:wall_lantern":2,"minecraft:dirt":41,"promenade:asphalt":7,"minecraft:stone":171},"minecraft:dropped":{"universal_graves:grave_compass":4,"minecraft:dirt":3,"minecraft:andesite":2,"croptopia:barley_seed":1,"minecraft:pink_petals":53,"croptopia:barley":1,"croptopia:soybean":1},"minecraft:picked_up":{"minecraft:charcoal":2,"minecraft:pink_petals":64,"minecraft:crafting_table":1,"minecraft:andesite":2,"minecraft:acacia_wood":5,"minecraft:oak_log":17,"promenade:blunite":11,"minecraft:dirt":62,"minecraft:red_bed":1,"minecraft:lantern":3,"croptopia:soybean":1,"minecraft:bone":3,"croptopia:barley":2,"minecraft:apple":1,"minecraft:sea_pickle":1,"morevillagers:gardening_table":2,"minecraft:oak_planks":1,"minecraft:raw_iron":5,"minecraft:stick":2,"croptopia:barley_seed":2,"minecraft:pumpkin":3,"croptopia:soybean_seed":1,"promenade:asphalt":7,"minecraft:arrow":3,"minecraft:rotten_flesh":1,"minecraft:hay_block":17,"bettermcdonaldsmod:lettuce_seeds":1,"minecraft:oak_sapling":11,"minecraft:coal":45,"minecraft:cobblestone":168},"minecraft:used":{"minecraft:stone_shovel":54,"minecraft:stone_pickaxe":99,"minecraft:oak_planks":5,"minecraft:chest":1,"minecraft:shield":16,"minecraft:iron_sword":25,"minecraft:rotten_flesh":1,"promenade:asphalt":7,"minecraft:iron_chestplate":1,"minecraft:dirt":16,"minecraft:crafting_table":2,"morevillagers:gardening_table":2,"minecraft:lantern":2,"minecraft:bread":5,"minecraft:iron_pickaxe":148,"wildlife:ferret":1,"minecraft:stone_axe":27,"minecraft:pink_petals":1,"minecraft:cobblestone":35,"minecraft:hay_block":1,"minecraft:iron_leggings":1}},"DataVersion":3465}