{"stats":{"minecraft:crafted":{"stoneworks:andesite_paver_slab":2,"minecraft:oak_planks":124,"basicshields:wooden_shield":1,"minecraft:cobblestone_slab":2,"stoneworks:andesite_tile_slab":2,"minecraft:oak_sign":3,"mcwbridges:balustrade_cobblestone_bridge":2,"snowyspirit:sled_oak":1,"minecraft:oak_pressure_plate":1,"weaponworks:stone_greatsword":1,"minecraft:cobblestone_stairs":2,"minecraft:stone":10,"immersive_armors:wooden_chestplate":1,"minecraft:chest":5,"immersive_armors:wooden_helmet":1,"minecraft:stone_hoe":5,"minecraft:oak_fence":12,"stoneworks:andesite_shingle_slab":2,"minecraft:oak_slab":12,"minecraft:emerald":1,"minecraft:crafting_table":2,"betternether:oak_chair":1,"immersive_armors:wooden_leggings":1,"croptopia:corn_seed":1,"immersive_armors:wooden_boots":1,"minecraft:shield":1,"minecraft:stone_slab":4,"minecraft:stick":32,"minecraft:iron_pickaxe":1,"minecraft:iron_ingot":32,"minecraft:iron_block":3,"minecraft:composter":1,"mcwbridges:cobblestone_bridge_pier":2,"grassoverhaul:dirt_sod_patch":20,"minecraft:stone_shovel":5,"croptopia:pepper_seed":1,"minecraft:furnace":1,"croptopia:bellpepper_seed":2,"minecraft:oak_trapdoor":2,"minecraft:stone_stairs":1,"stoneworks:andesite_plate_slab":2,"minecraft:ladder":3,"croptopia:oat_seed":9,"minecraft:stone_pickaxe":4,"croptopia:sweetpotato_seed":4,"minecraft:bucket":1,"mcwbridges:cobblestone_bridge":2,"minecraft:stone_axe":1,"minecraft:bread":7,"minecraft:air":0,"minecraft:flint":8,"minecraft:stonecutter":1,"minecraft:anvil":1,"bettermcdonaldsmod:lettuce_seeds":22,"minecraft:acacia_planks":20,"minecraft:torch":16},"minecraft:custom":{"lootr:looted_stat":31,"minecraft:interact_with_crafting_table":87,"goblintraders:trade_with_goblin":19,"minecraft:leave_game":24,"minecraft:time_since_death":10628,"minecraft:sprint_one_cm":701513,"minecraft:damage_blocked_by_shield":2553,"minecraft:drop":85,"minecraft:talked_to_villager":2,"minecraft:play_time":433116,"minecraft:deaths":15,"minecraft:jump":5248,"minecraft:walk_on_water_one_cm":20412,"minecraft:interact_with_furnace":30,"minecraft:sleep_in_bed":6,"minecraft:damage_dealt":5427,"minecraft:player_kills":4,"minecraft:crouch_one_cm":67397,"minecraft:interact_with_smoker":4,"minecraft:horse_one_cm":24895,"minecraft:interact_with_anvil":9,"minecraft:mob_kills":18,"minecraft:climb_one_cm":12734,"minecraft:walk_one_cm":1422229,"minecraft:sneak_time":30133,"minecraft:walk_under_water_one_cm":61458,"minecraft:total_world_time":433116,"minecraft:interact_with_stonecutter":11,"minecraft:time_since_rest":10683,"minecraft:damage_taken":10551,"minecraft:swim_one_cm":9181,"minecraft:fly_one_cm":801477,"minecraft:open_chest":103,"minecraft:fall_one_cm":174148},"minecraft:killed":{"minecraft:cave_spider":2,"minecraft:zombified_piglin":4,"minecraft:witch":2,"minecraft:skeleton":12,"minecraft:pig":2,"minecraft:creeper":2,"minecraft:pillager":4,"tinyskeletons:baby_skeleton":2,"minecraft:zombie":2,"endermanoverhaul:axolotl_pet_enderman":2,"minecraft:player":2},"minecraft:killed_by":{"minecraft:vindicator":2,"minecraft:cave_spider":1,"minecraft:player":1,"bosses_of_mass_destruction:void_blossom":5,"minecraft:skeleton":3},"minecraft:broken":{"minecraft:stone_pickaxe":2,"minecraft:stone_shovel":3,"minecraft:stone_hoe":4,"minecraft:iron_pickaxe":1},"minecraft:mined":{"croptopia:bellpepper_crop":2,"croptopia:pepper_crop":1,"minecraft:oak_sapling":4,"croptopia:greenbean_crop":2,"mcwbridges:cobblestone_bridge":3,"minecraft:cobblestone_stairs":2,"croptopia:mustard_crop":2,"minecraft:brewing_stand":1,"minecraft:cave_vines_plant":1,"minecraft:grass_block":406,"stoneworks:andesite_paver_slab":2,"mcwbridges:cobblestone_bridge_pier":4,"minecraft:oak_pressure_plate":1,"minecraft:oxeye_daisy":1,"stoneworks:andesite_shingle_slab":2,"minecraft:iron_ore":18,"minecraft:cobbled_deepslate":1,"minecraft:pumpkin":3,"minecraft:dirt_path":1,"amendments:wall_lantern":15,"minecraft:spruce_slab":1,"stoneworks:andesite_tile_slab":2,"minecraft:red_bed":2,"minecraft:smoker":2,"croptopia:oat_crop":18,"minecraft:chest":2,"minecraft:cobblestone":34,"croptopia:broccoli_crop":3,"minecraft:oak_planks":5,"minecraft:wall_torch":4,"mca:cross_headstone":1,"minecraft:pink_petals":35,"minecraft:skeleton_skull":1,"minecraft:stone_stairs":2,"minecraft:wheat":20,"bettermcdonaldsmod:lettuce_crop":118,"minecraft:black_bed":1,"croptopia:chile_pepper_crop":3,"minecraft:grass":74,"minecraft:oak_log":46,"minecraft:dirt":278,"minecraft:smooth_basalt":8,"promenade:asphalt":7,"minecraft:stonecutter":1,"minecraft:oak_leaves":4,"minecraft:deepslate":56,"minecraft:tuff":5,"grassoverhaul:dirt_sod_patch":8,"croptopia:kale_crop":1,"minecraft:ladder":1,"morevillagers:gardening_table":2,"minecraft:spruce_leaves":1,"mcwbridges:balustrade_cobblestone_bridge":1,"minecraft:hay_block":17,"croptopia:barley_crop":4,"betternether:oak_chair":2,"minecraft:oak_trapdoor":6,"minecraft:carrots":16,"croptopia:corn_crop":7,"minecraft:acacia_wood":10,"croptopia:soybean_crop":3,"minecraft:andesite":8,"treechop:chopped_log":9,"minecraft:potatoes":50,"minecraft:deepslate_iron_ore":4,"minecraft:cobblestone_slab":2,"minecraft:lantern":21,"stoneworks:andesite_plate_slab":2,"minecraft:stone":574,"lootr:lootr_barrel":1,"promenade:blunite":11,"croptopia:sweetpotato_crop":4,"minecraft:dandelion":1,"minecraft:oak_fence":2,"minecraft:crafting_table":6,"minecraft:cornflower":2,"minecraft:campfire":1,"minecraft:stone_slab":1,"minecraft:tall_grass":18,"minecraft:deepslate_gold_ore":3,"minecraft:diorite":3,"minecraft:purple_wool":1,"minecraft:beehive":1,"croptopia:celery_crop":1,"minecraft:coal_ore":61,"minecraft:gravel":3,"minecraft:cracked_stone_bricks":2,"minecraft:mossy_stone_bricks":1,"minecraft:chipped_anvil":1},"minecraft:dropped":{"minecraft:iron_sword":1,"bettermcdonaldsmod:lettuce_seeds":131,"wildlife:ferret":1,"minecraft:emerald":2,"minecraft:dirt":5,"bettermcdonaldsmod:tomato_seeds":3,"croptopia:sweetpotato_seed":2,"croptopia:barley_seed":1,"minecraft:phantom_membrane":1,"croptopia:soybean":1,"minecraft:bone":4,"croptopia:corn":5,"minecraft:stone_axe":2,"minecraft:wheat":1,"croptopia:oat_seed":15,"minecraft:rotten_flesh":2,"universal_graves:grave_compass":10,"minecraft:azure_bluet":1,"orpheus:deepslate_tears_of_hades_ore":1,"croptopia:broccoli":1,"minecraft:gunpowder":1,"minecraft:ladder":3,"basicshields:wooden_shield":1,"croptopia:barley":1,"croptopia:mustard":1,"wildlife:sparrow":2,"minecraft:egg":1,"minecraft:iron_ingot":1,"minecraft:water_bucket":1,"bettermcdonaldsmod:lettuce":2,"minecraft:cobblestone":29,"croptopia:sweetpotato":1,"friendsandfoes:buttercup":1,"minecraft:stick":1,"croptopia:kale_seed":1,"minecraft:torch":2,"minecraft:string":7,"minecraft:pink_petals":55,"minecraft:acacia_planks":3,"minecraft:spruce_sapling":2,"croptopia:oat":4,"minecraft:stone_shovel":1,"minecraft:smoker":1,"minecraft:potato":5,"minecraft:andesite":2,"minecraft:oak_sapling":1,"minecraft:raw_gold":3},"minecraft:picked_up":{"minecraft:wheat":7,"croptopia:kale":1,"croptopia:broccoli":3,"minecraft:stone_slab":1,"minecraft:enchanted_book":1,"friendsandfoes:buttercup":1,"minecraft:brewing_stand":1,"minecraft:string":3,"universal_graves:grave_compass":4,"minecraft:oak_sign":2,"minecraft:sea_pickle":1,"minecraft:gold_nugget":2,"minecraft:cobbled_deepslate":50,"minecraft:bucket":1,"minecraft:cobblestone_slab":2,"croptopia:mustard_seed":3,"bettermcdonaldsmod:lettuce":95,"minecraft:stick":24,"minecraft:beehive":1,"croptopia:barley_seed":5,"minecraft:oak_fence":2,"minecraft:torch":7,"stoneworks:andesite_plate_slab":2,"minecraft:porkchop":3,"minecraft:pointed_dripstone":2,"minecraft:diorite":6,"minecraft:rotten_flesh":4,"mcwbridges:cobblestone_bridge":3,"minecraft:cobblestone":905,"minecraft:pink_petals":66,"stoneworks:andesite_tile_slab":2,"croptopia:broccoli_seed":3,"minecraft:water_bucket":1,"minecraft:andesite":12,"minecraft:smoker":4,"minecraft:potato":151,"minecraft:flint":8,"minecraft:tuff":4,"minecraft:dirt":698,"minecraft:lantern":40,"minecraft:bone":7,"minecraft:chipped_anvil":1,"croptopia:corn":13,"croptopia:sweetpotato":6,"minecraft:stonecutter":1,"minecraft:bow":1,"minecraft:wheat_seeds":50,"minecraft:raw_gold":3,"grassoverhaul:dirt_sod_patch":8,"croptopia:bellpepper":2,"minecraft:mossy_stone_bricks":1,"croptopia:kale_seed":1,"minecraft:oak_planks":9,"croptopia:chile_pepper_seed":5,"croptopia:mustard":3,"snowyspirit:sled_oak":6,"minecraft:oak_pressure_plate":1,"minecraft:poisonous_potato":1,"croptopia:oat":23,"minecraft:grass_block":1,"winterly:cryomarble_shard":2,"minecraft:barrel":1,"croptopia:chile_pepper":3,"wildlife:ferret":3,"minecraft:bread":1,"minecraft:golden_horse_armor":2,"minecraft:emerald":5,"minecraft:oak_sapling":60,"minecraft:charcoal":2,"minecraft:crafting_table":7,"minecraft:azure_bluet":3,"minecraft:purple_wool":1,"minecraft:ladder":4,"croptopia:sweetpotato_seed":12,"promenade:blunite":22,"minecraft:shield":1,"minecraft:cornflower":3,"minecraft:oak_trapdoor":6,"minecraft:red_bed":3,"minecraft:stone_stairs":2,"minecraft:iron_axe":1,"artifacts:feral_claws":1,"croptopia:bellpepper_seed":3,"croptopia:soybean":2,"minecraft:cracked_stone_bricks":1,"morevillagers:gardening_table":2,"orpheus:deepslate_tears_of_hades_ore":1,"immersive_armors:wooden_leggings":1,"croptopia:pepper_seed":3,"minecraft:spruce_slab":1,"minecraft:chest":2,"minecraft:phantom_membrane":3,"minecraft:egg":4,"minecraft:raw_iron":22,"minecraft:stone":1,"croptopia:corn_seed":7,"croptopia:soybean_seed":3,"promenade:asphalt":7,"croptopia:greenbean_seed":4,"mcwbridges:cobblestone_bridge_pier":4,"minecraft:carrot":28,"minecraft:redstone":64,"minecraft:iron_horse_armor":1,"immersive_armors:wooden_helmet":1,"minecraft:arrow":12,"minecraft:hay_block":17,"minecraft:gold_ingot":20,"croptopia:pepper":3,"minecraft:skeleton_skull":1,"stoneworks:andesite_paver_slab":2,"stoneworks:andesite_shingle_slab":2,"minecraft:oxeye_daisy":2,"minecraft:acacia_wood":8,"minecraft:oak_log":112,"minecraft:gunpowder":5,"minecraft:cobblestone_stairs":2,"weaponworks:stone_greatsword":1,"croptopia:barley":5,"mcwbridges:balustrade_cobblestone_bridge":1,"minecraft:apple":28,"minecraft:iron_ingot":59,"minecraft:stone_pickaxe":1,"travelersbackpack:coal":1,"bettermcdonaldsmod:tomato_seeds":13,"betternether:oak_chair":2,"minecraft:smooth_basalt":6,"minecraft:pumpkin":3,"minecraft:dandelion":5,"minecraft:gravel":6,"minecraft:spruce_sapling":2,"minecraft:spider_eye":2,"croptopia:oat_seed":30,"minecraft:stone_axe":3,"immersive_armors:wooden_chestplate":1,"bettermcdonaldsmod:lettuce_seeds":285,"croptopia:greenbean":2,"immersive_armors:wooden_boots":1,"minecraft:coal":122},"minecraft:used":{"stoneworks:andesite_plate_slab":2,"minecraft:ladder":4,"minecraft:oak_sign":1,"minecraft:chest":7,"minecraft:shield":48,"minecraft:stone":3,"minecraft:iron_sword":52,"croptopia:oat":1,"minecraft:rotten_flesh":1,"minecraft:iron_chestplate":3,"croptopia:broccoli":2,"minecraft:carrot":37,"minecraft:beehive":1,"minecraft:azure_bluet":2,"stoneworks:andesite_shingle_slab":2,"minecraft:milk_bucket":2,"minecraft:lantern":36,"immersive_armors:wooden_chestplate":2,"minecraft:hay_block":1,"minecraft:oak_sapling":48,"minecraft:furnace":1,"croptopia:barley":3,"minecraft:egg":2,"minecraft:potato":92,"croptopia:sweetpotato_seed":7,"minecraft:stone_pickaxe":472,"minecraft:oak_planks":13,"snowyspirit:sled_oak":6,"minecraft:composter":1,"endermanoverhaul:ancient_pearl":1,"bettermcdonaldsmod:lettuce_seeds":175,"morevillagers:gardening_table":2,"minecraft:bread":37,"bettermcdonaldsmod:lettuce":12,"minecraft:oak_pressure_plate":2,"wildlife:ferret":10,"grassoverhaul:dirt_sod_patch":24,"stoneworks:andesite_tile_slab":2,"mcwbridges:cobblestone_bridge_pier":4,"minecraft:purple_wool":1,"croptopia:corn":1,"minecraft:oak_trapdoor":8,"minecraft:oak_fence":14,"minecraft:stone_shovel":620,"minecraft:stone_hoe":569,"promenade:asphalt":7,"minecraft:torch":19,"minecraft:dirt":605,"minecraft:anvil":1,"croptopia:chile_pepper":3,"minecraft:stone_stairs":3,"croptopia:oat_seed":24,"minecraft:iron_axe":56,"stoneworks:andesite_paver_slab":2,"minecraft:barrel":1,"minecraft:smooth_basalt":6,"mcwbridges:cobblestone_bridge":3,"minecraft:acacia_wood":1,"wildlife:sparrow":1,"minecraft:acacia_planks":5,"minecraft:iron_leggings":1,"minecraft:pointed_dripstone":2,"betternether:oak_chair":3,"minecraft:wheat_seeds":22,"minecraft:water_bucket":35,"minecraft:cobblestone_stairs":4,"weaponworks:stone_greatsword":36,"croptopia:corn_seed":5,"travelersbackpack:coal":5,"minecraft:stonecutter":1,"minecraft:cobblestone_slab":4,"mcwbridges:balustrade_cobblestone_bridge":1,"minecraft:crafting_table":8,"minecraft:red_bed":2,"croptopia:sweetpotato":1,"minecraft:smoker":1,"croptopia:kale":1,"minecraft:cornflower":1,"minecraft:oxeye_daisy":1,"minecraft:iron_pickaxe":400,"minecraft:stone_slab":5,"minecraft:stone_axe":111,"minecraft:pink_petals":1,"minecraft:cobblestone":240,"minecraft:porkchop":3,"minecraft:bucket":41,"minecraft:dandelion":5,"croptopia:greenbean":2}},"DataVersion":3465}