{"stats":{"minecraft:dropped":{"minecraft:dirt":2,"universal_graves:grave_compass":2,"minecraft:wooden_pickaxe":1,"friendsandfoes:waxed_lightning_rod":1},"minecraft:custom":{"minecraft:time_since_rest":792,"minecraft:sprint_one_cm":23869,"minecraft:damage_taken":718,"minecraft:walk_one_cm":55912,"minecraft:mob_kills":2,"minecraft:drop":6,"minecraft:damage_dealt":416,"minecraft:interact_with_crafting_table":5,"minecraft:fly_one_cm":20750,"minecraft:crouch_one_cm":5858,"minecraft:play_time":16949,"minecraft:deaths":3,"minecraft:sneak_time":1965,"minecraft:jump":202,"minecraft:time_since_death":766,"minecraft:total_world_time":16949,"minecraft:fall_one_cm":9228},"minecraft:killed":{"naturalist:snail":2,"minecraft:pillager":2},"minecraft:mined":{"minecraft:pink_petals":20,"universal_graves:grave":1,"minecraft:crafting_table":1,"minecraft:grass":6,"minecraft:grass_block":17,"minecraft:dirt":6,"minecraft:cobblestone":1,"minecraft:stone":34,"friendsandfoes:waxed_lightning_rod":1},"minecraft:picked_up":{"minecraft:pink_petals":132,"minecraft:stick":16,"minecraft:crafting_table":3,"minecraft:cherry_planks":39,"minecraft:wooden_pickaxe":2,"minecraft:cherry_log":22,"minecraft:dirt":42,"minecraft:stone_sword":2,"friendsandfoes:waxed_lightning_rod":1,"minecraft:slime_ball":3,"minecraft:stone_axe":1,"minecraft:wheat_seeds":3,"bettermcdonaldsmod:lettuce_seeds":2,"minecraft:stone_pickaxe":1,"minecraft:cherry_sapling":18,"bettermcdonaldsmod:tomato_seeds":3,"minecraft:cobblestone":59},"minecraft:used":{"minecraft:stone_pickaxe":28,"minecraft:wooden_pickaxe":10,"minecraft:stone_axe":1,"minecraft:dirt":12,"minecraft:cobblestone":1,"minecraft:crafting_table":2},"minecraft:crafted":{"minecraft:cherry_planks":44,"minecraft:stick":4,"minecraft:wooden_pickaxe":1,"minecraft:stone_pickaxe":1,"minecraft:stone_sword":2,"minecraft:stone_axe":1}},"DataVersion":3465}